ID,Label,Image Path
0,[6],./images/0.jpg
1,[6],./images/1.jpg
2,[6],./images/2.jpg
3,[6],./images/3.jpg
4,[6],./images/4.jpg
5,[6],./images/5.jpg
6,[6],./images/6.jpg
7,[6],./images/7.jpg
8,[6],./images/8.jpg
9,[6],./images/9.jpg
10,[6],./images/10.jpg
11,[6],./images/11.jpg
12,[6],./images/12.jpg
13,[6],./images/13.jpg
14,[6],./images/14.jpg
15,[6],./images/15.jpg
16,[6],./images/16.jpg
17,[6],./images/17.jpg
18,[6],./images/18.jpg
19,[6],./images/19.jpg
20,[6],./images/20.jpg
21,[6],./images/21.jpg
22,[6],./images/22.jpg
23,[6],./images/23.jpg
24,[6],./images/24.jpg
25,[6],./images/25.jpg
26,[6],./images/26.jpg
27,[6],./images/27.jpg
28,[6],./images/28.jpg
29,[6],./images/29.jpg
30,[6],./images/30.jpg
31,[6],./images/31.jpg
32,[6],./images/32.jpg
33,[6],./images/33.jpg
34,[6],./images/34.jpg
35,[6],./images/35.jpg
36,[6],./images/36.jpg
37,[6],./images/37.jpg
38,[6],./images/38.jpg
39,[6],./images/39.jpg
40,[6],./images/40.jpg
41,[6],./images/41.jpg
42,[6],./images/42.jpg
43,[6],./images/43.jpg
44,[6],./images/44.jpg
45,[6],./images/45.jpg
46,[6],./images/46.jpg
47,[6],./images/47.jpg
48,[6],./images/48.jpg
49,[6],./images/49.jpg
50,[6],./images/50.jpg
51,[6],./images/51.jpg
52,[6],./images/52.jpg
53,[6],./images/53.jpg
54,[6],./images/54.jpg
55,[6],./images/55.jpg
56,[6],./images/56.jpg
57,[6],./images/57.jpg
58,[6],./images/58.jpg
59,[6],./images/59.jpg
60,[6],./images/60.jpg
61,[6],./images/61.jpg
62,[6],./images/62.jpg
63,[6],./images/63.jpg
64,[6],./images/64.jpg
65,[6],./images/65.jpg
66,[6],./images/66.jpg
67,[6],./images/67.jpg
68,[6],./images/68.jpg
69,[6],./images/69.jpg
70,[6],./images/70.jpg
71,[6],./images/71.jpg
72,[6],./images/72.jpg
73,[6],./images/73.jpg
74,[6],./images/74.jpg
75,[6],./images/75.jpg
76,[6],./images/76.jpg
77,[6],./images/77.jpg
78,[6],./images/78.jpg
79,[6],./images/79.jpg
80,[6],./images/80.jpg
81,[6],./images/81.jpg
82,[6],./images/82.jpg
83,[6],./images/83.jpg
84,[6],./images/84.jpg
85,[6],./images/85.jpg
86,[6],./images/86.jpg
87,[6],./images/87.jpg
88,[6],./images/88.jpg
89,[6],./images/89.jpg
90,[6],./images/90.jpg
91,[6],./images/91.jpg
92,[6],./images/92.jpg
93,[6],./images/93.jpg
94,[6],./images/94.jpg
95,[6],./images/95.jpg
96,[6],./images/96.jpg
97,[6],./images/97.jpg
98,[6],./images/98.jpg
99,[6],./images/99.jpg
100,[6],./images/100.jpg
101,[6],./images/101.jpg
102,[6],./images/102.jpg
103,[6],./images/103.jpg
104,[6],./images/104.jpg
105,[6],./images/105.jpg
106,[6],./images/106.jpg
107,[6],./images/107.jpg
108,[6],./images/108.jpg
109,[6],./images/109.jpg
110,[6],./images/110.jpg
111,[6],./images/111.jpg
112,[6],./images/112.jpg
113,[6],./images/113.jpg
114,[6],./images/114.jpg
115,[6],./images/115.jpg
116,[6],./images/116.jpg
117,[6],./images/117.jpg
118,[6],./images/118.jpg
119,[6],./images/119.jpg
120,[6],./images/120.jpg
121,[6],./images/121.jpg
122,[6],./images/122.jpg
123,[6],./images/123.jpg
124,[6],./images/124.jpg
125,[6],./images/125.jpg
126,[6],./images/126.jpg
127,[6],./images/127.jpg
128,[6],./images/128.jpg
129,[6],./images/129.jpg
130,[6],./images/130.jpg
131,[6],./images/131.jpg
132,[6],./images/132.jpg
133,[6],./images/133.jpg
134,[6],./images/134.jpg
135,[6],./images/135.jpg
136,[6],./images/136.jpg
137,[6],./images/137.jpg
138,[6],./images/138.jpg
139,[6],./images/139.jpg
140,[6],./images/140.jpg
141,[6],./images/141.jpg
142,[6],./images/142.jpg
143,[6],./images/143.jpg
144,[6],./images/144.jpg
145,[6],./images/145.jpg
146,[6],./images/146.jpg
147,[6],./images/147.jpg
148,[6],./images/148.jpg
149,[6],./images/149.jpg
150,[6],./images/150.jpg
151,[6],./images/151.jpg
152,[6],./images/152.jpg
153,[6],./images/153.jpg
154,[6],./images/154.jpg
155,[6],./images/155.jpg
156,[6],./images/156.jpg
157,[6],./images/157.jpg
158,[6],./images/158.jpg
159,[6],./images/159.jpg
160,[6],./images/160.jpg
161,[6],./images/161.jpg
162,[6],./images/162.jpg
163,[6],./images/163.jpg
164,[6],./images/164.jpg
165,[6],./images/165.jpg
166,[6],./images/166.jpg
167,[6],./images/167.jpg
168,[6],./images/168.jpg
169,[6],./images/169.jpg
170,[6],./images/170.jpg
171,[6],./images/171.jpg
172,[6],./images/172.jpg
173,[6],./images/173.jpg
174,[6],./images/174.jpg
175,[6],./images/175.jpg
176,[6],./images/176.jpg
177,[6],./images/177.jpg
178,[6],./images/178.jpg
179,[6],./images/179.jpg
180,[6],./images/180.jpg
181,[6],./images/181.jpg
182,[6],./images/182.jpg
183,[6],./images/183.jpg
184,[6],./images/184.jpg
185,[6],./images/185.jpg
186,[6],./images/186.jpg
187,[6],./images/187.jpg
188,[6],./images/188.jpg
189,[6],./images/189.jpg
190,[6],./images/190.jpg
191,[6],./images/191.jpg
192,[6],./images/192.jpg
193,[6],./images/193.jpg
194,[6],./images/194.jpg
195,[6],./images/195.jpg
196,[6],./images/196.jpg
197,[6],./images/197.jpg
198,[6],./images/198.jpg
199,[6],./images/199.jpg
200,[6],./images/200.jpg
201,[6],./images/201.jpg
202,[6],./images/202.jpg
203,[6],./images/203.jpg
204,[6],./images/204.jpg
205,[6],./images/205.jpg
206,[6],./images/206.jpg
207,[6],./images/207.jpg
208,[6],./images/208.jpg
209,[6],./images/209.jpg
210,[6],./images/210.jpg
211,[6],./images/211.jpg
212,[6],./images/212.jpg
213,[6],./images/213.jpg
214,[6],./images/214.jpg
215,[6],./images/215.jpg
216,[6],./images/216.jpg
217,[6],./images/217.jpg
218,[6],./images/218.jpg
219,[6],./images/219.jpg
220,[6],./images/220.jpg
221,[6],./images/221.jpg
222,[6],./images/222.jpg
223,[6],./images/223.jpg
224,[6],./images/224.jpg
225,[6],./images/225.jpg
226,[6],./images/226.jpg
227,[6],./images/227.jpg
228,[6],./images/228.jpg
229,[6],./images/229.jpg
230,[6],./images/230.jpg
231,[6],./images/231.jpg
232,[6],./images/232.jpg
233,[6],./images/233.jpg
234,[6],./images/234.jpg
235,[6],./images/235.jpg
236,[6],./images/236.jpg
237,[6],./images/237.jpg
238,[6],./images/238.jpg
239,[6],./images/239.jpg
240,[6],./images/240.jpg
241,[6],./images/241.jpg
242,[6],./images/242.jpg
243,[6],./images/243.jpg
244,[6],./images/244.jpg
245,[6],./images/245.jpg
246,[6],./images/246.jpg
247,[6],./images/247.jpg
248,[6],./images/248.jpg
249,[12],./images/249.jpg
250,[12],./images/250.jpg
251,[12],./images/251.jpg
252,[12],./images/252.jpg
253,[12],./images/253.jpg
254,[12],./images/254.jpg
255,[12],./images/255.jpg
256,[12],./images/256.jpg
257,[12],./images/257.jpg
258,[13],./images/258.jpg
259,[13],./images/259.jpg
260,[13],./images/260.jpg
261,[13],./images/261.jpg
262,[13],./images/262.jpg
263,[13],./images/263.jpg
264,[13],./images/264.jpg
265,[13],./images/265.jpg
266,[13],./images/266.jpg
267,[13],./images/267.jpg
268,[13],./images/268.jpg
269,[13],./images/269.jpg
270,[13],./images/270.jpg
271,[13],./images/271.jpg
272,[13],./images/272.jpg
273,[13],./images/273.jpg
274,[13],./images/274.jpg
275,[13],./images/275.jpg
276,[13],./images/276.jpg
277,[13],./images/277.jpg
278,[13],./images/278.jpg
279,[13],./images/279.jpg
280,[13],./images/280.jpg
281,[13],./images/281.jpg
282,[13],./images/282.jpg
283,[13],./images/283.jpg
284,[13],./images/284.jpg
285,[13],./images/285.jpg
286,[13],./images/286.jpg
287,[13],./images/287.jpg
288,[13],./images/288.jpg
289,[13],./images/289.jpg
290,[13],./images/290.jpg
291,[13],./images/291.jpg
292,[13],./images/292.jpg
293,[13],./images/293.jpg
294,[13],./images/294.jpg
295,[13],./images/295.jpg
296,[13],./images/296.jpg
297,[13],./images/297.jpg
298,[13],./images/298.jpg
299,[13],./images/299.jpg
300,[13],./images/300.jpg
301,[13],./images/301.jpg
302,[13],./images/302.jpg
303,[13],./images/303.jpg
304,[13],./images/304.jpg
305,[13],./images/305.jpg
306,[13],./images/306.jpg
307,[13],./images/307.jpg
308,[13],./images/308.jpg
309,[13],./images/309.jpg
310,[13],./images/310.jpg
311,[13],./images/311.jpg
312,[13],./images/312.jpg
313,[13],./images/313.jpg
314,[13],./images/314.jpg
315,[13],./images/315.jpg
316,[13],./images/316.jpg
317,[13],./images/317.jpg
318,[13],./images/318.jpg
319,[13],./images/319.jpg
320,[13],./images/320.jpg
321,[13],./images/321.jpg
322,[13],./images/322.jpg
323,[13],./images/323.jpg
324,[13],./images/324.jpg
325,[13],./images/325.jpg
326,[13],./images/326.jpg
327,[13],./images/327.jpg
328,[13],./images/328.jpg
329,[13],./images/329.jpg
330,[13],./images/330.jpg
331,[13],./images/331.jpg
332,[13],./images/332.jpg
333,[13],./images/333.jpg
334,[13],./images/334.jpg
335,[13],./images/335.jpg
336,[13],./images/336.jpg
337,[13],./images/337.jpg
338,[13],./images/338.jpg
339,[13],./images/339.jpg
340,[13],./images/340.jpg
341,[13],./images/341.jpg
342,[13],./images/342.jpg
343,[13],./images/343.jpg
344,[13],./images/344.jpg
345,[13],./images/345.jpg
346,[13],./images/346.jpg
347,[13],./images/347.jpg
348,[13],./images/348.jpg
349,[13],./images/349.jpg
350,[13],./images/350.jpg
351,[13],./images/351.jpg
352,[13],./images/352.jpg
353,[13],./images/353.jpg
354,[13],./images/354.jpg
355,[13],./images/355.jpg
356,[13],./images/356.jpg
357,[13],./images/357.jpg
358,[13],./images/358.jpg
359,[13],./images/359.jpg
360,[13],./images/360.jpg
361,[13],./images/361.jpg
362,[13],./images/362.jpg
363,[13],./images/363.jpg
364,[13],./images/364.jpg
365,[13],./images/365.jpg
366,[13],./images/366.jpg
367,[13],./images/367.jpg
368,[13],./images/368.jpg
369,[13],./images/369.jpg
370,[13],./images/370.jpg
371,[13],./images/371.jpg
372,[13],./images/372.jpg
373,[13],./images/373.jpg
374,[13],./images/374.jpg
375,[13],./images/375.jpg
376,[13],./images/376.jpg
377,[13],./images/377.jpg
378,[13],./images/378.jpg
379,[13],./images/379.jpg
380,[13],./images/380.jpg
381,[13],./images/381.jpg
382,[14],./images/382.jpg
383,[14],./images/383.jpg
384,[14],./images/384.jpg
385,[14],./images/385.jpg
386,[14],./images/386.jpg
387,[14],./images/387.jpg
388,[14],./images/388.jpg
389,[14],./images/389.jpg
390,[14],./images/390.jpg
391,[14],./images/391.jpg
392,[14],./images/392.jpg
393,[14],./images/393.jpg
394,[14],./images/394.jpg
395,[14],./images/395.jpg
396,[14],./images/396.jpg
397,[14],./images/397.jpg
398,[14],./images/398.jpg
399,[14],./images/399.jpg
400,[14],./images/400.jpg
401,[14],./images/401.jpg
402,[14],./images/402.jpg
403,[14],./images/403.jpg
404,[14],./images/404.jpg
405,[14],./images/405.jpg
406,[14],./images/406.jpg
407,[14],./images/407.jpg
408,[14],./images/408.jpg
409,[14],./images/409.jpg
410,[14],./images/410.jpg
411,[14],./images/411.jpg
412,[14],./images/412.jpg
413,[14],./images/413.jpg
414,[14],./images/414.jpg
415,[14],./images/415.jpg
416,[14],./images/416.jpg
417,[14],./images/417.jpg
418,[14],./images/418.jpg
419,[14],./images/419.jpg
420,[0],./images/420.jpg
421,[0],./images/421.jpg
422,[0],./images/422.jpg
423,[0],./images/423.jpg
424,[0],./images/424.jpg
425,[0],./images/425.jpg
426,[0],./images/426.jpg
427,[0],./images/427.jpg
428,[0],./images/428.jpg
429,[0],./images/429.jpg
430,[0],./images/430.jpg
431,[0],./images/431.jpg
432,[0],./images/432.jpg
433,[0],./images/433.jpg
434,[0],./images/434.jpg
435,[0],./images/435.jpg
436,[0],./images/436.jpg
437,[0],./images/437.jpg
438,[0],./images/438.jpg
439,[0],./images/439.jpg
440,[0],./images/440.jpg
441,[0],./images/441.jpg
442,[0],./images/442.jpg
443,[0],./images/443.jpg
444,[0],./images/444.jpg
445,[0],./images/445.jpg
446,[0],./images/446.jpg
447,[0],./images/447.jpg
448,[0],./images/448.jpg
449,[0],./images/449.jpg
450,[0],./images/450.jpg
451,[0],./images/451.jpg
452,[0],./images/452.jpg
453,[0],./images/453.jpg
454,[0],./images/454.jpg
455,[0],./images/455.jpg
456,[0],./images/456.jpg
457,[0],./images/457.jpg
458,[0],./images/458.jpg
459,[0],./images/459.jpg
460,[0],./images/460.jpg
461,[0],./images/461.jpg
462,[0],./images/462.jpg
463,[0],./images/463.jpg
464,[0],./images/464.jpg
465,[0],./images/465.jpg
466,[0],./images/466.jpg
467,[0],./images/467.jpg
468,[0],./images/468.jpg
469,[0],./images/469.jpg
470,[0],./images/470.jpg
471,[0],./images/471.jpg
472,[0],./images/472.jpg
473,[0],./images/473.jpg
474,[0],./images/474.jpg
475,[0],./images/475.jpg
476,[0],./images/476.jpg
477,[0],./images/477.jpg
478,[0],./images/478.jpg
479,[0],./images/479.jpg
480,[0],./images/480.jpg
481,[0],./images/481.jpg
482,[0],./images/482.jpg
483,[0],./images/483.jpg
484,[0],./images/484.jpg
485,[0],./images/485.jpg
486,[0],./images/486.jpg
487,[0],./images/487.jpg
488,[0],./images/488.jpg
489,[0],./images/489.jpg
490,[0],./images/490.jpg
491,[0],./images/491.jpg
492,[0],./images/492.jpg
493,[0],./images/493.jpg
494,[0],./images/494.jpg
495,[0],./images/495.jpg
496,[0],./images/496.jpg
497,[0],./images/497.jpg
498,[0],./images/498.jpg
499,[0],./images/499.jpg
500,[0],./images/500.jpg
501,[0],./images/501.jpg
502,[0],./images/502.jpg
503,[0],./images/503.jpg
504,[0],./images/504.jpg
505,[0],./images/505.jpg
506,[0],./images/506.jpg
507,[0],./images/507.jpg
508,[0],./images/508.jpg
509,[0],./images/509.jpg
510,[0],./images/510.jpg
511,[0],./images/511.jpg
512,[0],./images/512.jpg
513,[0],./images/513.jpg
514,[0],./images/514.jpg
515,[0],./images/515.jpg
516,[0],./images/516.jpg
517,[0],./images/517.jpg
518,[0],./images/518.jpg
519,[0],./images/519.jpg
520,[0],./images/520.jpg
521,[0],./images/521.jpg
522,[0],./images/522.jpg
523,[0],./images/523.jpg
524,[0],./images/524.jpg
525,[0],./images/525.jpg
526,[0],./images/526.jpg
527,[0],./images/527.jpg
528,[0],./images/528.jpg
529,[0],./images/529.jpg
530,[0],./images/530.jpg
531,[0],./images/531.jpg
532,[0],./images/532.jpg
533,[0],./images/533.jpg
534,[0],./images/534.jpg
535,[0],./images/535.jpg
536,[0],./images/536.jpg
537,[0],./images/537.jpg
538,[0],./images/538.jpg
539,[0],./images/539.jpg
540,[0],./images/540.jpg
541,[0],./images/541.jpg
542,[0],./images/542.jpg
543,[0],./images/543.jpg
544,[0],./images/544.jpg
545,[0],./images/545.jpg
546,[0],./images/546.jpg
547,[0],./images/547.jpg
548,[0],./images/548.jpg
549,[0],./images/549.jpg
550,[0],./images/550.jpg
551,[0],./images/551.jpg
552,[0],./images/552.jpg
553,[0],./images/553.jpg
554,[0],./images/554.jpg
555,[0],./images/555.jpg
556,[0],./images/556.jpg
557,[0],./images/557.jpg
558,[0],./images/558.jpg
559,[0],./images/559.jpg
560,[0],./images/560.jpg
561,[0],./images/561.jpg
562,[0],./images/562.jpg
563,[0],./images/563.jpg
564,[0],./images/564.jpg
565,[0],./images/565.jpg
566,[0],./images/566.jpg
567,[0],./images/567.jpg
568,[0],./images/568.jpg
569,[0],./images/569.jpg
570,[0],./images/570.jpg
571,[0],./images/571.jpg
572,[0],./images/572.jpg
573,[0],./images/573.jpg
574,[0],./images/574.jpg
575,[0],./images/575.jpg
576,[0],./images/576.jpg
577,[0],./images/577.jpg
578,[0],./images/578.jpg
579,[0],./images/579.jpg
580,[0],./images/580.jpg
581,[0],./images/581.jpg
582,[0],./images/582.jpg
583,[0],./images/583.jpg
584,[0],./images/584.jpg
585,[0],./images/585.jpg
586,[0],./images/586.jpg
587,[0],./images/587.jpg
588,[0],./images/588.jpg
589,[0],./images/589.jpg
590,[0],./images/590.jpg
591,[0],./images/591.jpg
592,[0],./images/592.jpg
593,[0],./images/593.jpg
594,[0],./images/594.jpg
595,[0],./images/595.jpg
596,[0],./images/596.jpg
597,[0],./images/597.jpg
598,[0],./images/598.jpg
599,[0],./images/599.jpg
600,[0],./images/600.jpg
601,[0],./images/601.jpg
602,[0],./images/602.jpg
603,[0],./images/603.jpg
604,[0],./images/604.jpg
605,[0],./images/605.jpg
606,[0],./images/606.jpg
607,[0],./images/607.jpg
608,[0],./images/608.jpg
609,[0],./images/609.jpg
610,[0],./images/610.jpg
611,[0],./images/611.jpg
612,[0],./images/612.jpg
613,[0],./images/613.jpg
614,[0],./images/614.jpg
615,[0],./images/615.jpg
616,[0],./images/616.jpg
617,[0],./images/617.jpg
618,[0],./images/618.jpg
619,[0],./images/619.jpg
620,[0],./images/620.jpg
621,[0],./images/621.jpg
622,[0],./images/622.jpg
623,[0],./images/623.jpg
624,[0],./images/624.jpg
625,[0],./images/625.jpg
626,[0],./images/626.jpg
627,[0],./images/627.jpg
628,[0],./images/628.jpg
629,[0],./images/629.jpg
630,[0],./images/630.jpg
631,[0],./images/631.jpg
632,[0],./images/632.jpg
633,[0],./images/633.jpg
634,[0],./images/634.jpg
635,[0],./images/635.jpg
636,[0],./images/636.jpg
637,[0],./images/637.jpg
638,[0],./images/638.jpg
639,[0],./images/639.jpg
640,[0],./images/640.jpg
641,[0],./images/641.jpg
642,[0],./images/642.jpg
643,[0],./images/643.jpg
644,[0],./images/644.jpg
645,[0],./images/645.jpg
646,[0],./images/646.jpg
647,[0],./images/647.jpg
648,[0],./images/648.jpg
649,[0],./images/649.jpg
650,[0],./images/650.jpg
651,[0],./images/651.jpg
652,[0],./images/652.jpg
653,[0],./images/653.jpg
654,[0],./images/654.jpg
655,[0],./images/655.jpg
656,[0],./images/656.jpg
657,[0],./images/657.jpg
658,[0],./images/658.jpg
659,[0],./images/659.jpg
660,[0],./images/660.jpg
661,[0],./images/661.jpg
662,[0],./images/662.jpg
663,[0],./images/663.jpg
664,[0],./images/664.jpg
665,[0],./images/665.jpg
666,[0],./images/666.jpg
667,[0],./images/667.jpg
668,[0],./images/668.jpg
669,[0],./images/669.jpg
670,[0],./images/670.jpg
671,[0],./images/671.jpg
672,[0],./images/672.jpg
673,[0],./images/673.jpg
674,[0],./images/674.jpg
675,[0],./images/675.jpg
676,[0],./images/676.jpg
677,[0],./images/677.jpg
678,[0],./images/678.jpg
679,[0],./images/679.jpg
680,[0],./images/680.jpg
681,[0],./images/681.jpg
682,[0],./images/682.jpg
683,[0],./images/683.jpg
684,[0],./images/684.jpg
685,[0],./images/685.jpg
686,[0],./images/686.jpg
687,[0],./images/687.jpg
688,[0],./images/688.jpg
689,[0],./images/689.jpg
690,[0],./images/690.jpg
691,[0],./images/691.jpg
692,[0],./images/692.jpg
693,[0],./images/693.jpg
694,[0],./images/694.jpg
695,[0],./images/695.jpg
696,[0],./images/696.jpg
697,[0],./images/697.jpg
698,[0],./images/698.jpg
699,[0],./images/699.jpg
700,[0],./images/700.jpg
701,[0],./images/701.jpg
702,[0],./images/702.jpg
703,[0],./images/703.jpg
704,[0],./images/704.jpg
705,[0],./images/705.jpg
706,[0],./images/706.jpg
707,[0],./images/707.jpg
708,[0],./images/708.jpg
709,[0],./images/709.jpg
710,[0],./images/710.jpg
711,[0],./images/711.jpg
712,[0],./images/712.jpg
713,[0],./images/713.jpg
714,[0],./images/714.jpg
715,[0],./images/715.jpg
716,[0],./images/716.jpg
717,[0],./images/717.jpg
718,[0],./images/718.jpg
719,[0],./images/719.jpg
720,[0],./images/720.jpg
721,[0],./images/721.jpg
722,[0],./images/722.jpg
723,[0],./images/723.jpg
724,[0],./images/724.jpg
725,[0],./images/725.jpg
726,[0],./images/726.jpg
727,[0],./images/727.jpg
728,[0],./images/728.jpg
729,[0],./images/729.jpg
730,[0],./images/730.jpg
731,[0],./images/731.jpg
732,[0],./images/732.jpg
733,[0],./images/733.jpg
734,[0],./images/734.jpg
735,[0],./images/735.jpg
736,[0],./images/736.jpg
737,[0],./images/737.jpg
738,[0],./images/738.jpg
739,[0],./images/739.jpg
740,[0],./images/740.jpg
741,[0],./images/741.jpg
742,[0],./images/742.jpg
743,[0],./images/743.jpg
744,[0],./images/744.jpg
745,[0],./images/745.jpg
746,[0],./images/746.jpg
747,[0],./images/747.jpg
748,[0],./images/748.jpg
749,[0],./images/749.jpg
750,[0],./images/750.jpg
751,[0],./images/751.jpg
752,[0],./images/752.jpg
753,[0],./images/753.jpg
754,[0],./images/754.jpg
755,[0],./images/755.jpg
756,[0],./images/756.jpg
757,[0],./images/757.jpg
758,[0],./images/758.jpg
759,[0],./images/759.jpg
760,[0],./images/760.jpg
761,[0],./images/761.jpg
762,[0],./images/762.jpg
763,[0],./images/763.jpg
764,[0],./images/764.jpg
765,[0],./images/765.jpg
766,[0],./images/766.jpg
767,[0],./images/767.jpg
768,[0],./images/768.jpg
769,[0],./images/769.jpg
770,[0],./images/770.jpg
771,[0],./images/771.jpg
772,[0],./images/772.jpg
773,[0],./images/773.jpg
774,[0],./images/774.jpg
775,[0],./images/775.jpg
776,[0],./images/776.jpg
777,[0],./images/777.jpg
778,[0],./images/778.jpg
779,[0],./images/779.jpg
780,[0],./images/780.jpg
781,[0],./images/781.jpg
782,[0],./images/782.jpg
783,[0],./images/783.jpg
784,[0],./images/784.jpg
785,[0],./images/785.jpg
786,[0],./images/786.jpg
787,[0],./images/787.jpg
788,[0],./images/788.jpg
789,[0],./images/789.jpg
790,[0],./images/790.jpg
791,[0],./images/791.jpg
792,[0],./images/792.jpg
793,[0],./images/793.jpg
794,[0],./images/794.jpg
795,[0],./images/795.jpg
796,[0],./images/796.jpg
797,[0],./images/797.jpg
798,[0],./images/798.jpg
799,[0],./images/799.jpg
800,[0],./images/800.jpg
801,[0],./images/801.jpg
802,[0],./images/802.jpg
803,[0],./images/803.jpg
804,[0],./images/804.jpg
805,[0],./images/805.jpg
806,[0],./images/806.jpg
807,[0],./images/807.jpg
808,[0],./images/808.jpg
809,[0],./images/809.jpg
810,[0],./images/810.jpg
811,[0],./images/811.jpg
812,[0],./images/812.jpg
813,[0],./images/813.jpg
814,[0],./images/814.jpg
815,[0],./images/815.jpg
816,[0],./images/816.jpg
817,[0],./images/817.jpg
818,[0],./images/818.jpg
819,[0],./images/819.jpg
820,[0],./images/820.jpg
821,[0],./images/821.jpg
822,[0],./images/822.jpg
823,[0],./images/823.jpg
824,[0],./images/824.jpg
825,[0],./images/825.jpg
826,[0],./images/826.jpg
827,[0],./images/827.jpg
828,[0],./images/828.jpg
829,[0],./images/829.jpg
830,[0],./images/830.jpg
831,[0],./images/831.jpg
832,[0],./images/832.jpg
833,[0],./images/833.jpg
834,[0],./images/834.jpg
835,[0],./images/835.jpg
836,[0],./images/836.jpg
837,[0],./images/837.jpg
838,[0],./images/838.jpg
839,[0],./images/839.jpg
840,[0],./images/840.jpg
841,[0],./images/841.jpg
842,[0],./images/842.jpg
843,[0],./images/843.jpg
844,[0],./images/844.jpg
845,[0],./images/845.jpg
846,[0],./images/846.jpg
847,[0],./images/847.jpg
848,[0],./images/848.jpg
849,[0],./images/849.jpg
850,[0],./images/850.jpg
851,[0],./images/851.jpg
852,[0],./images/852.jpg
853,[0],./images/853.jpg
854,[0],./images/854.jpg
855,[0],./images/855.jpg
856,[0],./images/856.jpg
857,[0],./images/857.jpg
858,[0],./images/858.jpg
859,[0],./images/859.jpg
860,[0],./images/860.jpg
861,[0],./images/861.jpg
862,[0],./images/862.jpg
863,[0],./images/863.jpg
864,[0],./images/864.jpg
865,[0],./images/865.jpg
866,[0],./images/866.jpg
867,[0],./images/867.jpg
868,[0],./images/868.jpg
869,[0],./images/869.jpg
870,[0],./images/870.jpg
871,[0],./images/871.jpg
872,[0],./images/872.jpg
873,[0],./images/873.jpg
874,[0],./images/874.jpg
875,[0],./images/875.jpg
876,[0],./images/876.jpg
877,[0],./images/877.jpg
878,[0],./images/878.jpg
879,[0],./images/879.jpg
880,[0],./images/880.jpg
881,[0],./images/881.jpg
882,[0],./images/882.jpg
883,[0],./images/883.jpg
884,[0],./images/884.jpg
885,[0],./images/885.jpg
886,[0],./images/886.jpg
887,[0],./images/887.jpg
888,[0],./images/888.jpg
889,[0],./images/889.jpg
890,[0],./images/890.jpg
891,[0],./images/891.jpg
892,[0],./images/892.jpg
893,[0],./images/893.jpg
894,[0],./images/894.jpg
895,[0],./images/895.jpg
896,[0],./images/896.jpg
897,[0],./images/897.jpg
898,[0],./images/898.jpg
899,[0],./images/899.jpg
900,[0],./images/900.jpg
901,[0],./images/901.jpg
902,[0],./images/902.jpg
903,[0],./images/903.jpg
904,[0],./images/904.jpg
905,[0],./images/905.jpg
906,[0],./images/906.jpg
907,[0],./images/907.jpg
908,[0],./images/908.jpg
909,[0],./images/909.jpg
910,[0],./images/910.jpg
911,[0],./images/911.jpg
912,[0],./images/912.jpg
913,[0],./images/913.jpg
914,[0],./images/914.jpg
915,[0],./images/915.jpg
916,[0],./images/916.jpg
917,[0],./images/917.jpg
918,[0],./images/918.jpg
919,[0],./images/919.jpg
920,[0],./images/920.jpg
921,[0],./images/921.jpg
922,[0],./images/922.jpg
923,[0],./images/923.jpg
924,[0],./images/924.jpg
925,[0],./images/925.jpg
926,[0],./images/926.jpg
927,[0],./images/927.jpg
928,[0],./images/928.jpg
929,[0],./images/929.jpg
930,[0],./images/930.jpg
931,[0],./images/931.jpg
932,[0],./images/932.jpg
933,[0],./images/933.jpg
934,[0],./images/934.jpg
935,[0],./images/935.jpg
936,[0],./images/936.jpg
937,[0],./images/937.jpg
938,[0],./images/938.jpg
939,[0],./images/939.jpg
940,[0],./images/940.jpg
941,[0],./images/941.jpg
942,[0],./images/942.jpg
943,[0],./images/943.jpg
944,[0],./images/944.jpg
945,[0],./images/945.jpg
946,[0],./images/946.jpg
947,[0],./images/947.jpg
948,[0],./images/948.jpg
949,[0],./images/949.jpg
950,[0],./images/950.jpg
951,[0],./images/951.jpg
952,[0],./images/952.jpg
953,[0],./images/953.jpg
954,[0],./images/954.jpg
955,[0],./images/955.jpg
956,[0],./images/956.jpg
957,[0],./images/957.jpg
958,[0],./images/958.jpg
959,[0],./images/959.jpg
960,[0],./images/960.jpg
961,[0],./images/961.jpg
962,[0],./images/962.jpg
963,[0],./images/963.jpg
964,[0],./images/964.jpg
965,[0],./images/965.jpg
966,[0],./images/966.jpg
967,[0],./images/967.jpg
968,[0],./images/968.jpg
969,[0],./images/969.jpg
970,[0],./images/970.jpg
971,[0],./images/971.jpg
972,[0],./images/972.jpg
973,[0],./images/973.jpg
974,[0],./images/974.jpg
975,[0],./images/975.jpg
976,[0],./images/976.jpg
977,[0],./images/977.jpg
978,[0],./images/978.jpg
979,[0],./images/979.jpg
980,[0],./images/980.jpg
981,[0],./images/981.jpg
982,[0],./images/982.jpg
983,[0],./images/983.jpg
984,[0],./images/984.jpg
985,[0],./images/985.jpg
986,[0],./images/986.jpg
987,[0],./images/987.jpg
988,[0],./images/988.jpg
989,[0],./images/989.jpg
990,[0],./images/990.jpg
991,[0],./images/991.jpg
992,[0],./images/992.jpg
993,[0],./images/993.jpg
994,[0],./images/994.jpg
995,[0],./images/995.jpg
996,[0],./images/996.jpg
997,[0],./images/997.jpg
998,[0],./images/998.jpg
999,[0],./images/999.jpg
1000,[0],./images/1000.jpg
1001,[0],./images/1001.jpg
1002,[0],./images/1002.jpg
1003,[0],./images/1003.jpg
1004,[0],./images/1004.jpg
1005,[0],./images/1005.jpg
1006,[0],./images/1006.jpg
1007,[0],./images/1007.jpg
1008,[0],./images/1008.jpg
1009,[0],./images/1009.jpg
1010,[0],./images/1010.jpg
1011,[0],./images/1011.jpg
1012,[0],./images/1012.jpg
1013,[0],./images/1013.jpg
1014,[0],./images/1014.jpg
1015,[0],./images/1015.jpg
1016,[0],./images/1016.jpg
1017,[0],./images/1017.jpg
1018,[0],./images/1018.jpg
1019,[0],./images/1019.jpg
1020,[0],./images/1020.jpg
1021,[0],./images/1021.jpg
1022,[0],./images/1022.jpg
1023,[0],./images/1023.jpg
1024,[0],./images/1024.jpg
1025,[0],./images/1025.jpg
1026,[0],./images/1026.jpg
1027,[0],./images/1027.jpg
1028,[0],./images/1028.jpg
1029,[0],./images/1029.jpg
1030,[0],./images/1030.jpg
1031,[0],./images/1031.jpg
1032,[0],./images/1032.jpg
1033,[0],./images/1033.jpg
1034,[0],./images/1034.jpg
1035,[0],./images/1035.jpg
1036,[0],./images/1036.jpg
1037,[0],./images/1037.jpg
1038,[0],./images/1038.jpg
1039,[0],./images/1039.jpg
1040,[0],./images/1040.jpg
1041,[0],./images/1041.jpg
1042,[0],./images/1042.jpg
1043,[0],./images/1043.jpg
1044,[0],./images/1044.jpg
1045,[0],./images/1045.jpg
1046,[0],./images/1046.jpg
1047,[0],./images/1047.jpg
1048,[0],./images/1048.jpg
1049,[0],./images/1049.jpg
1050,[0],./images/1050.jpg
1051,[0],./images/1051.jpg
1052,[0],./images/1052.jpg
1053,[0],./images/1053.jpg
1054,[0],./images/1054.jpg
1055,[0],./images/1055.jpg
1056,[0],./images/1056.jpg
1057,[0],./images/1057.jpg
1058,[0],./images/1058.jpg
1059,[0],./images/1059.jpg
1060,[0],./images/1060.jpg
1061,[0],./images/1061.jpg
1062,[0],./images/1062.jpg
1063,[0],./images/1063.jpg
1064,[0],./images/1064.jpg
1065,[0],./images/1065.jpg
1066,[0],./images/1066.jpg
1067,[0],./images/1067.jpg
1068,[0],./images/1068.jpg
1069,[0],./images/1069.jpg
1070,[0],./images/1070.jpg
1071,[0],./images/1071.jpg
1072,[0],./images/1072.jpg
1073,[0],./images/1073.jpg
1074,[0],./images/1074.jpg
1075,[0],./images/1075.jpg
1076,[0],./images/1076.jpg
1077,[0],./images/1077.jpg
1078,[0],./images/1078.jpg
1079,[0],./images/1079.jpg
1080,[0],./images/1080.jpg
1081,[0],./images/1081.jpg
1082,[0],./images/1082.jpg
1083,[0],./images/1083.jpg
1084,[0],./images/1084.jpg
1085,[0],./images/1085.jpg
1086,[0],./images/1086.jpg
1087,[0],./images/1087.jpg
1088,[0],./images/1088.jpg
1089,[0],./images/1089.jpg
1090,[0],./images/1090.jpg
1091,[0],./images/1091.jpg
1092,[0],./images/1092.jpg
1093,[0],./images/1093.jpg
1094,[0],./images/1094.jpg
1095,[0],./images/1095.jpg
1096,[0],./images/1096.jpg
1097,[0],./images/1097.jpg
1098,[0],./images/1098.jpg
1099,[0],./images/1099.jpg
1100,[0],./images/1100.jpg
1101,[0],./images/1101.jpg
1102,[0],./images/1102.jpg
1103,[0],./images/1103.jpg
1104,[0],./images/1104.jpg
1105,[0],./images/1105.jpg
1106,[0],./images/1106.jpg
1107,[0],./images/1107.jpg
1108,[0],./images/1108.jpg
1109,[0],./images/1109.jpg
1110,[0],./images/1110.jpg
1111,[0],./images/1111.jpg
1112,[0],./images/1112.jpg
1113,[0],./images/1113.jpg
1114,[0],./images/1114.jpg
1115,[0],./images/1115.jpg
1116,[0],./images/1116.jpg
1117,[0],./images/1117.jpg
1118,[0],./images/1118.jpg
1119,[0],./images/1119.jpg
1120,[0],./images/1120.jpg
1121,[0],./images/1121.jpg
1122,[0],./images/1122.jpg
1123,[0],./images/1123.jpg
1124,[0],./images/1124.jpg
1125,[0],./images/1125.jpg
1126,[0],./images/1126.jpg
1127,[0],./images/1127.jpg
1128,[0],./images/1128.jpg
1129,[0],./images/1129.jpg
1130,[0],./images/1130.jpg
1131,[0],./images/1131.jpg
1132,[0],./images/1132.jpg
1133,[0],./images/1133.jpg
1134,[0],./images/1134.jpg
1135,[0],./images/1135.jpg
1136,[0],./images/1136.jpg
1137,[0],./images/1137.jpg
1138,[0],./images/1138.jpg
1139,[0],./images/1139.jpg
1140,[0],./images/1140.jpg
1141,[0],./images/1141.jpg
1142,[0],./images/1142.jpg
1143,[0],./images/1143.jpg
1144,[0],./images/1144.jpg
1145,[0],./images/1145.jpg
1146,[0],./images/1146.jpg
1147,[0],./images/1147.jpg
1148,[0],./images/1148.jpg
1149,[0],./images/1149.jpg
1150,[0],./images/1150.jpg
1151,[0],./images/1151.jpg
1152,[0],./images/1152.jpg
1153,[0],./images/1153.jpg
1154,[0],./images/1154.jpg
1155,[0],./images/1155.jpg
1156,[0],./images/1156.jpg
1157,[0],./images/1157.jpg
1158,[0],./images/1158.jpg
1159,[0],./images/1159.jpg
1160,[0],./images/1160.jpg
1161,[0],./images/1161.jpg
1162,[0],./images/1162.jpg
1163,[0],./images/1163.jpg
1164,[0],./images/1164.jpg
1165,[0],./images/1165.jpg
1166,[0],./images/1166.jpg
1167,[0],./images/1167.jpg
1168,[0],./images/1168.jpg
1169,[0],./images/1169.jpg
1170,[0],./images/1170.jpg
1171,[0],./images/1171.jpg
1172,[0],./images/1172.jpg
1173,[0],./images/1173.jpg
1174,[0],./images/1174.jpg
1175,[0],./images/1175.jpg
1176,[0],./images/1176.jpg
1177,[0],./images/1177.jpg
1178,[0],./images/1178.jpg
1179,[0],./images/1179.jpg
1180,[0],./images/1180.jpg
1181,[0],./images/1181.jpg
1182,[0],./images/1182.jpg
1183,[0],./images/1183.jpg
1184,[0],./images/1184.jpg
1185,[0],./images/1185.jpg
1186,[0],./images/1186.jpg
1187,[0],./images/1187.jpg
1188,[0],./images/1188.jpg
1189,[0],./images/1189.jpg
1190,[0],./images/1190.jpg
1191,[0],./images/1191.jpg
1192,[0],./images/1192.jpg
1193,[0],./images/1193.jpg
1194,[0],./images/1194.jpg
1195,[0],./images/1195.jpg
1196,[0],./images/1196.jpg
1197,[0],./images/1197.jpg
1198,[0],./images/1198.jpg
1199,[0],./images/1199.jpg
1200,[0],./images/1200.jpg
1201,[0],./images/1201.jpg
1202,[0],./images/1202.jpg
1203,[0],./images/1203.jpg
1204,[0],./images/1204.jpg
1205,[0],./images/1205.jpg
1206,[0],./images/1206.jpg
1207,[0],./images/1207.jpg
1208,[0],./images/1208.jpg
1209,[0],./images/1209.jpg
1210,[0],./images/1210.jpg
1211,[0],./images/1211.jpg
1212,[0],./images/1212.jpg
1213,[0],./images/1213.jpg
1214,[0],./images/1214.jpg
1215,[0],./images/1215.jpg
1216,[0],./images/1216.jpg
1217,[0],./images/1217.jpg
1218,[0],./images/1218.jpg
1219,[0],./images/1219.jpg
1220,[0],./images/1220.jpg
1221,[0],./images/1221.jpg
1222,[0],./images/1222.jpg
1223,[0],./images/1223.jpg
1224,[0],./images/1224.jpg
1225,[0],./images/1225.jpg
1226,[0],./images/1226.jpg
1227,[0],./images/1227.jpg
1228,[0],./images/1228.jpg
1229,[0],./images/1229.jpg
1230,[0],./images/1230.jpg
1231,[0],./images/1231.jpg
1232,[0],./images/1232.jpg
1233,[0],./images/1233.jpg
1234,[0],./images/1234.jpg
1235,[0],./images/1235.jpg
1236,[0],./images/1236.jpg
1237,[0],./images/1237.jpg
1238,[0],./images/1238.jpg
1239,[0],./images/1239.jpg
1240,[0],./images/1240.jpg
1241,[0],./images/1241.jpg
1242,[0],./images/1242.jpg
1243,[0],./images/1243.jpg
1244,[0],./images/1244.jpg
1245,[0],./images/1245.jpg
1246,[0],./images/1246.jpg
1247,[0],./images/1247.jpg
1248,[0],./images/1248.jpg
1249,[0],./images/1249.jpg
1250,[0],./images/1250.jpg
1251,[0],./images/1251.jpg
1252,[0],./images/1252.jpg
1253,[0],./images/1253.jpg
1254,[0],./images/1254.jpg
1255,[0],./images/1255.jpg
1256,[0],./images/1256.jpg
1257,[0],./images/1257.jpg
1258,[0],./images/1258.jpg
1259,[0],./images/1259.jpg
1260,[0],./images/1260.jpg
1261,[0],./images/1261.jpg
1262,[0],./images/1262.jpg
1263,[0],./images/1263.jpg
1264,[0],./images/1264.jpg
1265,[0],./images/1265.jpg
1266,[0],./images/1266.jpg
1267,[0],./images/1267.jpg
1268,[0],./images/1268.jpg
1269,[0],./images/1269.jpg
1270,[0],./images/1270.jpg
1271,[0],./images/1271.jpg
1272,[0],./images/1272.jpg
1273,[0],./images/1273.jpg
1274,[0],./images/1274.jpg
1275,[0],./images/1275.jpg
1276,[0],./images/1276.jpg
1277,[0],./images/1277.jpg
1278,[0],./images/1278.jpg
1279,[0],./images/1279.jpg
1280,[0],./images/1280.jpg
1281,[0],./images/1281.jpg
1282,[0],./images/1282.jpg
1283,[0],./images/1283.jpg
1284,[0],./images/1284.jpg
1285,[0],./images/1285.jpg
1286,[0],./images/1286.jpg
1287,[0],./images/1287.jpg
1288,[0],./images/1288.jpg
1289,[0],./images/1289.jpg
1290,[0],./images/1290.jpg
1291,[0],./images/1291.jpg
1292,[0],./images/1292.jpg
1293,[0],./images/1293.jpg
1294,[0],./images/1294.jpg
1295,[0],./images/1295.jpg
1296,[0],./images/1296.jpg
1297,[0],./images/1297.jpg
1298,[0],./images/1298.jpg
1299,[0],./images/1299.jpg
1300,[0],./images/1300.jpg
1301,[0],./images/1301.jpg
1302,[0],./images/1302.jpg
1303,[0],./images/1303.jpg
1304,[0],./images/1304.jpg
1305,[0],./images/1305.jpg
1306,[0],./images/1306.jpg
1307,[0],./images/1307.jpg
1308,[0],./images/1308.jpg
1309,[0],./images/1309.jpg
1310,[0],./images/1310.jpg
1311,[0],./images/1311.jpg
1312,[0],./images/1312.jpg
1313,[0],./images/1313.jpg
1314,[0],./images/1314.jpg
1315,[0],./images/1315.jpg
1316,[0],./images/1316.jpg
1317,[0],./images/1317.jpg
1318,[0],./images/1318.jpg
1319,[0],./images/1319.jpg
1320,[0],./images/1320.jpg
1321,[0],./images/1321.jpg
1322,[0],./images/1322.jpg
1323,[0],./images/1323.jpg
1324,[0],./images/1324.jpg
1325,[0],./images/1325.jpg
1326,[0],./images/1326.jpg
1327,[0],./images/1327.jpg
1328,[0],./images/1328.jpg
1329,[0],./images/1329.jpg
1330,[0],./images/1330.jpg
1331,[0],./images/1331.jpg
1332,[0],./images/1332.jpg
1333,[0],./images/1333.jpg
1334,[0],./images/1334.jpg
1335,[0],./images/1335.jpg
1336,[0],./images/1336.jpg
1337,[0],./images/1337.jpg
1338,[0],./images/1338.jpg
1339,[0],./images/1339.jpg
1340,[0],./images/1340.jpg
1341,[0],./images/1341.jpg
1342,[0],./images/1342.jpg
1343,[0],./images/1343.jpg
1344,[0],./images/1344.jpg
1345,[0],./images/1345.jpg
1346,[0],./images/1346.jpg
1347,[0],./images/1347.jpg
1348,[0],./images/1348.jpg
1349,[0],./images/1349.jpg
1350,[0],./images/1350.jpg
1351,[0],./images/1351.jpg
1352,[0],./images/1352.jpg
1353,[0],./images/1353.jpg
1354,[0],./images/1354.jpg
1355,[0],./images/1355.jpg
1356,[0],./images/1356.jpg
1357,[0],./images/1357.jpg
1358,[0],./images/1358.jpg
1359,[0],./images/1359.jpg
1360,[0],./images/1360.jpg
1361,[0],./images/1361.jpg
1362,[0],./images/1362.jpg
1363,[0],./images/1363.jpg
1364,[0],./images/1364.jpg
1365,[0],./images/1365.jpg
1366,[0],./images/1366.jpg
1367,[0],./images/1367.jpg
1368,[0],./images/1368.jpg
1369,[0],./images/1369.jpg
1370,[0],./images/1370.jpg
1371,[0],./images/1371.jpg
1372,[0],./images/1372.jpg
1373,[0],./images/1373.jpg
1374,[0],./images/1374.jpg
1375,[0],./images/1375.jpg
1376,[0],./images/1376.jpg
1377,[0],./images/1377.jpg
1378,[0],./images/1378.jpg
1379,[0],./images/1379.jpg
1380,[0],./images/1380.jpg
1381,[0],./images/1381.jpg
1382,[0],./images/1382.jpg
1383,[0],./images/1383.jpg
1384,[0],./images/1384.jpg
1385,[0],./images/1385.jpg
1386,[0],./images/1386.jpg
1387,[0],./images/1387.jpg
1388,[0],./images/1388.jpg
1389,[0],./images/1389.jpg
1390,[0],./images/1390.jpg
1391,[0],./images/1391.jpg
1392,[0],./images/1392.jpg
1393,[0],./images/1393.jpg
1394,[0],./images/1394.jpg
1395,[0],./images/1395.jpg
1396,[0],./images/1396.jpg
1397,[0],./images/1397.jpg
1398,[0],./images/1398.jpg
1399,[0],./images/1399.jpg
1400,[0],./images/1400.jpg
1401,[0],./images/1401.jpg
1402,[0],./images/1402.jpg
1403,[0],./images/1403.jpg
1404,[0],./images/1404.jpg
1405,[0],./images/1405.jpg
1406,[0],./images/1406.jpg
1407,[0],./images/1407.jpg
1408,[0],./images/1408.jpg
1409,[0],./images/1409.jpg
1410,[0],./images/1410.jpg
1411,[0],./images/1411.jpg
1412,[0],./images/1412.jpg
1413,[0],./images/1413.jpg
1414,[0],./images/1414.jpg
1415,[0],./images/1415.jpg
1416,[0],./images/1416.jpg
1417,[0],./images/1417.jpg
1418,[0],./images/1418.jpg
1419,[0],./images/1419.jpg
1420,[0],./images/1420.jpg
1421,[0],./images/1421.jpg
1422,[0],./images/1422.jpg
1423,[0],./images/1423.jpg
1424,[0],./images/1424.jpg
1425,[0],./images/1425.jpg
1426,[0],./images/1426.jpg
1427,[0],./images/1427.jpg
1428,[0],./images/1428.jpg
1429,[0],./images/1429.jpg
1430,[0],./images/1430.jpg
1431,[0],./images/1431.jpg
1432,[0],./images/1432.jpg
1433,[0],./images/1433.jpg
1434,[0],./images/1434.jpg
1435,[0],./images/1435.jpg
1436,[0],./images/1436.jpg
1437,[0],./images/1437.jpg
1438,[0],./images/1438.jpg
1439,[0],./images/1439.jpg
1440,[0],./images/1440.jpg
1441,[0],./images/1441.jpg
1442,[0],./images/1442.jpg
1443,[0],./images/1443.jpg
1444,[0],./images/1444.jpg
1445,[0],./images/1445.jpg
1446,[0],./images/1446.jpg
1447,[0],./images/1447.jpg
1448,[0],./images/1448.jpg
1449,[0],./images/1449.jpg
1450,[0],./images/1450.jpg
1451,[0],./images/1451.jpg
1452,[0],./images/1452.jpg
1453,[0],./images/1453.jpg
1454,[0],./images/1454.jpg
1455,[0],./images/1455.jpg
1456,[0],./images/1456.jpg
1457,[0],./images/1457.jpg
1458,[0],./images/1458.jpg
1459,[0],./images/1459.jpg
1460,[0],./images/1460.jpg
1461,[0],./images/1461.jpg
1462,[0],./images/1462.jpg
1463,[0],./images/1463.jpg
1464,[0],./images/1464.jpg
1465,[0],./images/1465.jpg
1466,[0],./images/1466.jpg
1467,[0],./images/1467.jpg
1468,[0],./images/1468.jpg
1469,[0],./images/1469.jpg
1470,[0],./images/1470.jpg
1471,[0],./images/1471.jpg
1472,[0],./images/1472.jpg
1473,[0],./images/1473.jpg
1474,[0],./images/1474.jpg
1475,[0],./images/1475.jpg
1476,[0],./images/1476.jpg
1477,[0],./images/1477.jpg
1478,[0],./images/1478.jpg
1479,[0],./images/1479.jpg
1480,[0],./images/1480.jpg
1481,[0],./images/1481.jpg
1482,[0],./images/1482.jpg
1483,[0],./images/1483.jpg
1484,[0],./images/1484.jpg
1485,[0],./images/1485.jpg
1486,[0],./images/1486.jpg
1487,[0],./images/1487.jpg
1488,[0],./images/1488.jpg
1489,[0],./images/1489.jpg
1490,[0],./images/1490.jpg
1491,[0],./images/1491.jpg
1492,[0],./images/1492.jpg
1493,[0],./images/1493.jpg
1494,[0],./images/1494.jpg
1495,[0],./images/1495.jpg
1496,[0],./images/1496.jpg
1497,[0],./images/1497.jpg
1498,[0],./images/1498.jpg
1499,[0],./images/1499.jpg
1500,[0],./images/1500.jpg
1501,[0],./images/1501.jpg
1502,[0],./images/1502.jpg
1503,[0],./images/1503.jpg
1504,[0],./images/1504.jpg
1505,[0],./images/1505.jpg
1506,[0],./images/1506.jpg
1507,[0],./images/1507.jpg
1508,[0],./images/1508.jpg
1509,[0],./images/1509.jpg
1510,[0],./images/1510.jpg
1511,[0],./images/1511.jpg
1512,[0],./images/1512.jpg
1513,[0],./images/1513.jpg
1514,[0],./images/1514.jpg
1515,[0],./images/1515.jpg
1516,[0],./images/1516.jpg
1517,[0],./images/1517.jpg
1518,[0],./images/1518.jpg
1519,[0],./images/1519.jpg
1520,[0],./images/1520.jpg
1521,[0],./images/1521.jpg
1522,[0],./images/1522.jpg
1523,[0],./images/1523.jpg
1524,[0],./images/1524.jpg
1525,[0],./images/1525.jpg
1526,[0],./images/1526.jpg
1527,[0],./images/1527.jpg
1528,[0],./images/1528.jpg
1529,[0],./images/1529.jpg
1530,[0],./images/1530.jpg
1531,[0],./images/1531.jpg
1532,[0],./images/1532.jpg
1533,[0],./images/1533.jpg
1534,[0],./images/1534.jpg
1535,[0],./images/1535.jpg
1536,[0],./images/1536.jpg
1537,[0],./images/1537.jpg
1538,[0],./images/1538.jpg
1539,[0],./images/1539.jpg
1540,[0],./images/1540.jpg
1541,[0],./images/1541.jpg
1542,[0],./images/1542.jpg
1543,[0],./images/1543.jpg
1544,[0],./images/1544.jpg
1545,[0],./images/1545.jpg
1546,[0],./images/1546.jpg
1547,[0],./images/1547.jpg
1548,[0],./images/1548.jpg
1549,[0],./images/1549.jpg
1550,[0],./images/1550.jpg
1551,[0],./images/1551.jpg
1552,[0],./images/1552.jpg
1553,[0],./images/1553.jpg
1554,[0],./images/1554.jpg
1555,[0],./images/1555.jpg
1556,[0],./images/1556.jpg
1557,[0],./images/1557.jpg
1558,[0],./images/1558.jpg
1559,[0],./images/1559.jpg
1560,[0],./images/1560.jpg
1561,[0],./images/1561.jpg
1562,[0],./images/1562.jpg
1563,[0],./images/1563.jpg
1564,[0],./images/1564.jpg
1565,[0],./images/1565.jpg
1566,[0],./images/1566.jpg
1567,[0],./images/1567.jpg
1568,[0],./images/1568.jpg
1569,[0],./images/1569.jpg
1570,[0],./images/1570.jpg
1571,[0],./images/1571.jpg
1572,[0],./images/1572.jpg
1573,[0],./images/1573.jpg
1574,[0],./images/1574.jpg
1575,[0],./images/1575.jpg
1576,[0],./images/1576.jpg
1577,[0],./images/1577.jpg
1578,[0],./images/1578.jpg
1579,[0],./images/1579.jpg
1580,[0],./images/1580.jpg
1581,[0],./images/1581.jpg
1582,[0],./images/1582.jpg
1583,[0],./images/1583.jpg
1584,[0],./images/1584.jpg
1585,[0],./images/1585.jpg
1586,[0],./images/1586.jpg
1587,[0],./images/1587.jpg
1588,[0],./images/1588.jpg
1589,[0],./images/1589.jpg
1590,[0],./images/1590.jpg
1591,[0],./images/1591.jpg
1592,[0],./images/1592.jpg
1593,[0],./images/1593.jpg
1594,[0],./images/1594.jpg
1595,[0],./images/1595.jpg
1596,[0],./images/1596.jpg
1597,[0],./images/1597.jpg
1598,[0],./images/1598.jpg
1599,[0],./images/1599.jpg
1600,[0],./images/1600.jpg
1601,[0],./images/1601.jpg
1602,[0],./images/1602.jpg
1603,[0],./images/1603.jpg
1604,[0],./images/1604.jpg
1605,[0],./images/1605.jpg
1606,[0],./images/1606.jpg
1607,[0],./images/1607.jpg
1608,[0],./images/1608.jpg
1609,[0],./images/1609.jpg
1610,[0],./images/1610.jpg
1611,[0],./images/1611.jpg
1612,[0],./images/1612.jpg
1613,[0],./images/1613.jpg
1614,[0],./images/1614.jpg
1615,[0],./images/1615.jpg
1616,[0],./images/1616.jpg
1617,[0],./images/1617.jpg
1618,[0],./images/1618.jpg
1619,[0],./images/1619.jpg
1620,[0],./images/1620.jpg
1621,[0],./images/1621.jpg
1622,[0],./images/1622.jpg
1623,[0],./images/1623.jpg
1624,[0],./images/1624.jpg
1625,[0],./images/1625.jpg
1626,[0],./images/1626.jpg
1627,[0],./images/1627.jpg
1628,[0],./images/1628.jpg
1629,[0],./images/1629.jpg
1630,[0],./images/1630.jpg
1631,[0],./images/1631.jpg
1632,[0],./images/1632.jpg
1633,[0],./images/1633.jpg
1634,[0],./images/1634.jpg
1635,[0],./images/1635.jpg
1636,[0],./images/1636.jpg
1637,[0],./images/1637.jpg
1638,[0],./images/1638.jpg
1639,[0],./images/1639.jpg
1640,[0],./images/1640.jpg
1641,[0],./images/1641.jpg
1642,[0],./images/1642.jpg
1643,[0],./images/1643.jpg
1644,[0],./images/1644.jpg
1645,[0],./images/1645.jpg
1646,[0],./images/1646.jpg
1647,[0],./images/1647.jpg
1648,[0],./images/1648.jpg
1649,[0],./images/1649.jpg
1650,[0],./images/1650.jpg
1651,[0],./images/1651.jpg
1652,[0],./images/1652.jpg
1653,[0],./images/1653.jpg
1654,[0],./images/1654.jpg
1655,[0],./images/1655.jpg
1656,[0],./images/1656.jpg
1657,[0],./images/1657.jpg
1658,[0],./images/1658.jpg
1659,[0],./images/1659.jpg
1660,[0],./images/1660.jpg
1661,[0],./images/1661.jpg
1662,[0],./images/1662.jpg
1663,[0],./images/1663.jpg
1664,[0],./images/1664.jpg
1665,[0],./images/1665.jpg
1666,[0],./images/1666.jpg
1667,[0],./images/1667.jpg
1668,[0],./images/1668.jpg
1669,[0],./images/1669.jpg
1670,[0],./images/1670.jpg
1671,[0],./images/1671.jpg
1672,[0],./images/1672.jpg
1673,[0],./images/1673.jpg
1674,[0],./images/1674.jpg
1675,[0],./images/1675.jpg
1676,[0],./images/1676.jpg
1677,[0],./images/1677.jpg
1678,[0],./images/1678.jpg
1679,[0],./images/1679.jpg
1680,[0],./images/1680.jpg
1681,[0],./images/1681.jpg
1682,[0],./images/1682.jpg
1683,[0],./images/1683.jpg
1684,[0],./images/1684.jpg
1685,[0],./images/1685.jpg
1686,[0],./images/1686.jpg
1687,[0],./images/1687.jpg
1688,[0],./images/1688.jpg
1689,[0],./images/1689.jpg
1690,[0],./images/1690.jpg
1691,[0],./images/1691.jpg
1692,[0],./images/1692.jpg
1693,[0],./images/1693.jpg
1694,[0],./images/1694.jpg
1695,[0],./images/1695.jpg
1696,[0],./images/1696.jpg
1697,[0],./images/1697.jpg
1698,[0],./images/1698.jpg
1699,[0],./images/1699.jpg
1700,[0],./images/1700.jpg
1701,[0],./images/1701.jpg
1702,[0],./images/1702.jpg
1703,[0],./images/1703.jpg
1704,[0],./images/1704.jpg
1705,[0],./images/1705.jpg
1706,[0],./images/1706.jpg
1707,[0],./images/1707.jpg
1708,[0],./images/1708.jpg
1709,[0],./images/1709.jpg
1710,[0],./images/1710.jpg
1711,[0],./images/1711.jpg
1712,[0],./images/1712.jpg
1713,[0],./images/1713.jpg
1714,[0],./images/1714.jpg
1715,[0],./images/1715.jpg
1716,[0],./images/1716.jpg
1717,[0],./images/1717.jpg
1718,[0],./images/1718.jpg
1719,[0],./images/1719.jpg
1720,[0],./images/1720.jpg
1721,[0],./images/1721.jpg
1722,[0],./images/1722.jpg
1723,[0],./images/1723.jpg
1724,[0],./images/1724.jpg
1725,[0],./images/1725.jpg
1726,[0],./images/1726.jpg
1727,[0],./images/1727.jpg
1728,[0],./images/1728.jpg
1729,[0],./images/1729.jpg
1730,[0],./images/1730.jpg
1731,[0],./images/1731.jpg
1732,[0],./images/1732.jpg
1733,[0],./images/1733.jpg
1734,[0],./images/1734.jpg
1735,[0],./images/1735.jpg
1736,[0],./images/1736.jpg
1737,[0],./images/1737.jpg
1738,[0],./images/1738.jpg
1739,[0],./images/1739.jpg
1740,[0],./images/1740.jpg
1741,[0],./images/1741.jpg
1742,[0],./images/1742.jpg
1743,[0],./images/1743.jpg
1744,[0],./images/1744.jpg
1745,[0],./images/1745.jpg
1746,[0],./images/1746.jpg
1747,[0],./images/1747.jpg
1748,[0],./images/1748.jpg
1749,[0],./images/1749.jpg
1750,[0],./images/1750.jpg
1751,[0],./images/1751.jpg
1752,[0],./images/1752.jpg
1753,[0],./images/1753.jpg
1754,[0],./images/1754.jpg
1755,[0],./images/1755.jpg
1756,[0],./images/1756.jpg
1757,[0],./images/1757.jpg
1758,[0],./images/1758.jpg
1759,[0],./images/1759.jpg
1760,[0],./images/1760.jpg
1761,[0],./images/1761.jpg
1762,[0],./images/1762.jpg
1763,[0],./images/1763.jpg
1764,[0],./images/1764.jpg
1765,[0],./images/1765.jpg
1766,[0],./images/1766.jpg
1767,[0],./images/1767.jpg
1768,[0],./images/1768.jpg
1769,[0],./images/1769.jpg
1770,[0],./images/1770.jpg
1771,[0],./images/1771.jpg
1772,[0],./images/1772.jpg
1773,[0],./images/1773.jpg
1774,[0],./images/1774.jpg
1775,[0],./images/1775.jpg
1776,[0],./images/1776.jpg
1777,[0],./images/1777.jpg
1778,[0],./images/1778.jpg
1779,[2],./images/1779.jpg
1780,[2],./images/1780.jpg
1781,[2],./images/1781.jpg
1782,[2],./images/1782.jpg
1783,[2],./images/1783.jpg
1784,[2],./images/1784.jpg
1785,[2],./images/1785.jpg
1786,[2],./images/1786.jpg
1787,[2],./images/1787.jpg
1788,[2],./images/1788.jpg
1789,[2],./images/1789.jpg
1790,[2],./images/1790.jpg
1791,[2],./images/1791.jpg
1792,[2],./images/1792.jpg
1793,[2],./images/1793.jpg
1794,[2],./images/1794.jpg
1795,[2],./images/1795.jpg
1796,[2],./images/1796.jpg
1797,[2],./images/1797.jpg
1798,[2],./images/1798.jpg
1799,[2],./images/1799.jpg
1800,[2],./images/1800.jpg
1801,[2],./images/1801.jpg
1802,[2],./images/1802.jpg
1803,[2],./images/1803.jpg
1804,[2],./images/1804.jpg
1805,[2],./images/1805.jpg
1806,[2],./images/1806.jpg
1807,[2],./images/1807.jpg
1808,[2],./images/1808.jpg
1809,[2],./images/1809.jpg
1810,[2],./images/1810.jpg
1811,[2],./images/1811.jpg
1812,[2],./images/1812.jpg
1813,[2],./images/1813.jpg
1814,[2],./images/1814.jpg
1815,[2],./images/1815.jpg
1816,[2],./images/1816.jpg
1817,[2],./images/1817.jpg
1818,[2],./images/1818.jpg
1819,[2],./images/1819.jpg
1820,[2],./images/1820.jpg
1821,[2],./images/1821.jpg
1822,[2],./images/1822.jpg
1823,[2],./images/1823.jpg
1824,[2],./images/1824.jpg
1825,[2],./images/1825.jpg
1826,[2],./images/1826.jpg
1827,[2],./images/1827.jpg
1828,[2],./images/1828.jpg
1829,[2],./images/1829.jpg
1830,[2],./images/1830.jpg
1831,[2],./images/1831.jpg
1832,[2],./images/1832.jpg
1833,[2],./images/1833.jpg
1834,[2],./images/1834.jpg
1835,[2],./images/1835.jpg
1836,[2],./images/1836.jpg
1837,[2],./images/1837.jpg
1838,[2],./images/1838.jpg
1839,[2],./images/1839.jpg
1840,[2],./images/1840.jpg
1841,[2],./images/1841.jpg
1842,[2],./images/1842.jpg
1843,[2],./images/1843.jpg
1844,[2],./images/1844.jpg
1845,[2],./images/1845.jpg
1846,[2],./images/1846.jpg
1847,[2],./images/1847.jpg
1848,[2],./images/1848.jpg
1849,[2],./images/1849.jpg
1850,[2],./images/1850.jpg
1851,[2],./images/1851.jpg
1852,[2],./images/1852.jpg
1853,[2],./images/1853.jpg
1854,[2],./images/1854.jpg
1855,[2],./images/1855.jpg
1856,[2],./images/1856.jpg
1857,[2],./images/1857.jpg
1858,[2],./images/1858.jpg
1859,[2],./images/1859.jpg
1860,[2],./images/1860.jpg
1861,[2],./images/1861.jpg
1862,[2],./images/1862.jpg
1863,[2],./images/1863.jpg
1864,[2],./images/1864.jpg
1865,[2],./images/1865.jpg
1866,[2],./images/1866.jpg
1867,[2],./images/1867.jpg
1868,[2],./images/1868.jpg
1869,[2],./images/1869.jpg
1870,[2],./images/1870.jpg
1871,[2],./images/1871.jpg
1872,[2],./images/1872.jpg
1873,[2],./images/1873.jpg
1874,[2],./images/1874.jpg
1875,[2],./images/1875.jpg
1876,[2],./images/1876.jpg
1877,[2],./images/1877.jpg
1878,[2],./images/1878.jpg
1879,[2],./images/1879.jpg
1880,[6],./images/1880.jpg
1881,[6],./images/1881.jpg
1882,[6],./images/1882.jpg
1883,[6],./images/1883.jpg
1884,[6],./images/1884.jpg
1885,[6],./images/1885.jpg
1886,[6],./images/1886.jpg
1887,[6],./images/1887.jpg
1888,[6],./images/1888.jpg
1889,[6],./images/1889.jpg
1890,[6],./images/1890.jpg
1891,[6],./images/1891.jpg
1892,[6],./images/1892.jpg
1893,[6],./images/1893.jpg
1894,[6],./images/1894.jpg
1895,[6],./images/1895.jpg
1896,[6],./images/1896.jpg
1897,[6],./images/1897.jpg
1898,[6],./images/1898.jpg
1899,[6],./images/1899.jpg
1900,[6],./images/1900.jpg
1901,[6],./images/1901.jpg
1902,[6],./images/1902.jpg
1903,[6],./images/1903.jpg
1904,[6],./images/1904.jpg
1905,[6],./images/1905.jpg
1906,[6],./images/1906.jpg
1907,[6],./images/1907.jpg
1908,[6],./images/1908.jpg
1909,[6],./images/1909.jpg
1910,[6],./images/1910.jpg
1911,[6],./images/1911.jpg
1912,[6],./images/1912.jpg
1913,[6],./images/1913.jpg
1914,[6],./images/1914.jpg
1915,[6],./images/1915.jpg
1916,[6],./images/1916.jpg
1917,[6],./images/1917.jpg
1918,[6],./images/1918.jpg
1919,[6],./images/1919.jpg
1920,[6],./images/1920.jpg
1921,[6],./images/1921.jpg
1922,[6],./images/1922.jpg
1923,[6],./images/1923.jpg
1924,[6],./images/1924.jpg
1925,[6],./images/1925.jpg
1926,[6],./images/1926.jpg
1927,[6],./images/1927.jpg
1928,[6],./images/1928.jpg
1929,[6],./images/1929.jpg
1930,[6],./images/1930.jpg
1931,[6],./images/1931.jpg
1932,[6],./images/1932.jpg
1933,[6],./images/1933.jpg
1934,[6],./images/1934.jpg
1935,[6],./images/1935.jpg
1936,[6],./images/1936.jpg
1937,[6],./images/1937.jpg
1938,[6],./images/1938.jpg
1939,[6],./images/1939.jpg
1940,[6],./images/1940.jpg
1941,[6],./images/1941.jpg
1942,[6],./images/1942.jpg
1943,[6],./images/1943.jpg
1944,[6],./images/1944.jpg
1945,[6],./images/1945.jpg
1946,[6],./images/1946.jpg
1947,[6],./images/1947.jpg
1948,[6],./images/1948.jpg
1949,[6],./images/1949.jpg
1950,[6],./images/1950.jpg
1951,[6],./images/1951.jpg
1952,[6],./images/1952.jpg
1953,[6],./images/1953.jpg
1954,[6],./images/1954.jpg
1955,[6],./images/1955.jpg
1956,[6],./images/1956.jpg
1957,[6],./images/1957.jpg
1958,[6],./images/1958.jpg
1959,[6],./images/1959.jpg
1960,[6],./images/1960.jpg
1961,[6],./images/1961.jpg
1962,[6],./images/1962.jpg
1963,[6],./images/1963.jpg
1964,[6],./images/1964.jpg
1965,[6],./images/1965.jpg
1966,[6],./images/1966.jpg
1967,[6],./images/1967.jpg
1968,[6],./images/1968.jpg
1969,[6],./images/1969.jpg
1970,[6],./images/1970.jpg
1971,[6],./images/1971.jpg
1972,[6],./images/1972.jpg
1973,[6],./images/1973.jpg
1974,[6],./images/1974.jpg
1975,[6],./images/1975.jpg
1976,[6],./images/1976.jpg
1977,[6],./images/1977.jpg
1978,[6],./images/1978.jpg
1979,[6],./images/1979.jpg
1980,[7],./images/1980.jpg
1981,[7],./images/1981.jpg
1982,[7],./images/1982.jpg
1983,[7],./images/1983.jpg
1984,[7],./images/1984.jpg
1985,[7],./images/1985.jpg
1986,[7],./images/1986.jpg
1987,[7],./images/1987.jpg
1988,[7],./images/1988.jpg
1989,[7],./images/1989.jpg
1990,[7],./images/1990.jpg
1991,[7],./images/1991.jpg
1992,[7],./images/1992.jpg
1993,[7],./images/1993.jpg
1994,[7],./images/1994.jpg
1995,[7],./images/1995.jpg
1996,[7],./images/1996.jpg
1997,[7],./images/1997.jpg
1998,[7],./images/1998.jpg
1999,[7],./images/1999.jpg
2000,[7],./images/2000.jpg
2001,[7],./images/2001.jpg
2002,[7],./images/2002.jpg
2003,[7],./images/2003.jpg
2004,[7],./images/2004.jpg
2005,[7],./images/2005.jpg
2006,[7],./images/2006.jpg
2007,[7],./images/2007.jpg
2008,[7],./images/2008.jpg
2009,[7],./images/2009.jpg
2010,[7],./images/2010.jpg
2011,[7],./images/2011.jpg
2012,[7],./images/2012.jpg
2013,[7],./images/2013.jpg
2014,[7],./images/2014.jpg
2015,[7],./images/2015.jpg
2016,[7],./images/2016.jpg
2017,[7],./images/2017.jpg
2018,[7],./images/2018.jpg
2019,[7],./images/2019.jpg
2020,[7],./images/2020.jpg
2021,[7],./images/2021.jpg
2022,[7],./images/2022.jpg
2023,[7],./images/2023.jpg
2024,[7],./images/2024.jpg
2025,[7],./images/2025.jpg
2026,[7],./images/2026.jpg
2027,[7],./images/2027.jpg
2028,[7],./images/2028.jpg
2029,[7],./images/2029.jpg
2030,[7],./images/2030.jpg
2031,[7],./images/2031.jpg
2032,[7],./images/2032.jpg
2033,[7],./images/2033.jpg
2034,[7],./images/2034.jpg
2035,[7],./images/2035.jpg
2036,[7],./images/2036.jpg
2037,[7],./images/2037.jpg
2038,[7],./images/2038.jpg
2039,[7],./images/2039.jpg
2040,[7],./images/2040.jpg
2041,[7],./images/2041.jpg
2042,[7],./images/2042.jpg
2043,[7],./images/2043.jpg
2044,[7],./images/2044.jpg
2045,[7],./images/2045.jpg
2046,[7],./images/2046.jpg
2047,[7],./images/2047.jpg
2048,[7],./images/2048.jpg
2049,[7],./images/2049.jpg
2050,[7],./images/2050.jpg
2051,[7],./images/2051.jpg
2052,[7],./images/2052.jpg
2053,[7],./images/2053.jpg
2054,[7],./images/2054.jpg
2055,[7],./images/2055.jpg
2056,[7],./images/2056.jpg
2057,[7],./images/2057.jpg
2058,[7],./images/2058.jpg
2059,[7],./images/2059.jpg
2060,[7],./images/2060.jpg
2061,[7],./images/2061.jpg
2062,[7],./images/2062.jpg
2063,[7],./images/2063.jpg
2064,[7],./images/2064.jpg
2065,[7],./images/2065.jpg
2066,[7],./images/2066.jpg
2067,[7],./images/2067.jpg
2068,[7],./images/2068.jpg
2069,[7],./images/2069.jpg
2070,[7],./images/2070.jpg
2071,[7],./images/2071.jpg
2072,[7],./images/2072.jpg
2073,[7],./images/2073.jpg
2074,[7],./images/2074.jpg
2075,[7],./images/2075.jpg
2076,[7],./images/2076.jpg
2077,[7],./images/2077.jpg
2078,[7],./images/2078.jpg
2079,[7],./images/2079.jpg
2080,[7],./images/2080.jpg
2081,[7],./images/2081.jpg
2082,[7],./images/2082.jpg
2083,[7],./images/2083.jpg
2084,[7],./images/2084.jpg
2085,[7],./images/2085.jpg
2086,[7],./images/2086.jpg
2087,[7],./images/2087.jpg
2088,[7],./images/2088.jpg
2089,[7],./images/2089.jpg
2090,[7],./images/2090.jpg
2091,[7],./images/2091.jpg
2092,[7],./images/2092.jpg
2093,[7],./images/2093.jpg
2094,[7],./images/2094.jpg
2095,[7],./images/2095.jpg
2096,[7],./images/2096.jpg
2097,[7],./images/2097.jpg
2098,[7],./images/2098.jpg
2099,[7],./images/2099.jpg
2100,[7],./images/2100.jpg
2101,[7],./images/2101.jpg
2102,[7],./images/2102.jpg
2103,[7],./images/2103.jpg
2104,[7],./images/2104.jpg
2105,[7],./images/2105.jpg
2106,[7],./images/2106.jpg
2107,[7],./images/2107.jpg
2108,[7],./images/2108.jpg
2109,[7],./images/2109.jpg
2110,[7],./images/2110.jpg
2111,[7],./images/2111.jpg
2112,[7],./images/2112.jpg
2113,[7],./images/2113.jpg
2114,[7],./images/2114.jpg
2115,[7],./images/2115.jpg
2116,[7],./images/2116.jpg
2117,[7],./images/2117.jpg
2118,[7],./images/2118.jpg
2119,[7],./images/2119.jpg
2120,[7],./images/2120.jpg
2121,[7],./images/2121.jpg
2122,[7],./images/2122.jpg
2123,[7],./images/2123.jpg
2124,[7],./images/2124.jpg
2125,[7],./images/2125.jpg
2126,[7],./images/2126.jpg
2127,[7],./images/2127.jpg
2128,[7],./images/2128.jpg
2129,[7],./images/2129.jpg
2130,[8],./images/2130.jpg
2131,[8],./images/2131.jpg
2132,[8],./images/2132.jpg
2133,[8],./images/2133.jpg
2134,[8],./images/2134.jpg
2135,[8],./images/2135.jpg
2136,[8],./images/2136.jpg
2137,[8],./images/2137.jpg
2138,[8],./images/2138.jpg
2139,[8],./images/2139.jpg
2140,[8],./images/2140.jpg
2141,[8],./images/2141.jpg
2142,[8],./images/2142.jpg
2143,[8],./images/2143.jpg
2144,[8],./images/2144.jpg
2145,[8],./images/2145.jpg
2146,[8],./images/2146.jpg
2147,[8],./images/2147.jpg
2148,[8],./images/2148.jpg
2149,[8],./images/2149.jpg
2150,[8],./images/2150.jpg
2151,[8],./images/2151.jpg
2152,[8],./images/2152.jpg
2153,[8],./images/2153.jpg
2154,[8],./images/2154.jpg
2155,[8],./images/2155.jpg
2156,[8],./images/2156.jpg
2157,[8],./images/2157.jpg
2158,[8],./images/2158.jpg
2159,[8],./images/2159.jpg
2160,[8],./images/2160.jpg
2161,[8],./images/2161.jpg
2162,[8],./images/2162.jpg
2163,[8],./images/2163.jpg
2164,[8],./images/2164.jpg
2165,[8],./images/2165.jpg
2166,[8],./images/2166.jpg
2167,[8],./images/2167.jpg
2168,[8],./images/2168.jpg
2169,[8],./images/2169.jpg
2170,[8],./images/2170.jpg
2171,[8],./images/2171.jpg
2172,[8],./images/2172.jpg
2173,[8],./images/2173.jpg
2174,[8],./images/2174.jpg
2175,[8],./images/2175.jpg
2176,[8],./images/2176.jpg
2177,[8],./images/2177.jpg
2178,[8],./images/2178.jpg
2179,[8],./images/2179.jpg
2180,[8],./images/2180.jpg
2181,[8],./images/2181.jpg
2182,[8],./images/2182.jpg
2183,[8],./images/2183.jpg
2184,[8],./images/2184.jpg
2185,[8],./images/2185.jpg
2186,[8],./images/2186.jpg
2187,[8],./images/2187.jpg
2188,[8],./images/2188.jpg
2189,[8],./images/2189.jpg
2190,[8],./images/2190.jpg
2191,[8],./images/2191.jpg
2192,[8],./images/2192.jpg
2193,[8],./images/2193.jpg
2194,[8],./images/2194.jpg
2195,[8],./images/2195.jpg
2196,[8],./images/2196.jpg
2197,[8],./images/2197.jpg
2198,[8],./images/2198.jpg
2199,[8],./images/2199.jpg
2200,[8],./images/2200.jpg
2201,[8],./images/2201.jpg
2202,[8],./images/2202.jpg
2203,[8],./images/2203.jpg
2204,[8],./images/2204.jpg
2205,[8],./images/2205.jpg
2206,[8],./images/2206.jpg
2207,[8],./images/2207.jpg
2208,[8],./images/2208.jpg
2209,[8],./images/2209.jpg
2210,[8],./images/2210.jpg
2211,[8],./images/2211.jpg
2212,[8],./images/2212.jpg
2213,[8],./images/2213.jpg
2214,[8],./images/2214.jpg
2215,[8],./images/2215.jpg
2216,[8],./images/2216.jpg
2217,[8],./images/2217.jpg
2218,[8],./images/2218.jpg
2219,[8],./images/2219.jpg
2220,[8],./images/2220.jpg
2221,[8],./images/2221.jpg
2222,[8],./images/2222.jpg
2223,[8],./images/2223.jpg
2224,[8],./images/2224.jpg
2225,[8],./images/2225.jpg
2226,[8],./images/2226.jpg
2227,[8],./images/2227.jpg
2228,[8],./images/2228.jpg
2229,[8],./images/2229.jpg
2230,[9],./images/2230.jpg
2231,[9],./images/2231.jpg
2232,[9],./images/2232.jpg
2233,[9],./images/2233.jpg
2234,[9],./images/2234.jpg
2235,[9],./images/2235.jpg
2236,[9],./images/2236.jpg
2237,[9],./images/2237.jpg
2238,[9],./images/2238.jpg
2239,[9],./images/2239.jpg
2240,[9],./images/2240.jpg
2241,[9],./images/2241.jpg
2242,[9],./images/2242.jpg
2243,[9],./images/2243.jpg
2244,[9],./images/2244.jpg
2245,[9],./images/2245.jpg
2246,[9],./images/2246.jpg
2247,[9],./images/2247.jpg
2248,[9],./images/2248.jpg
2249,[9],./images/2249.jpg
2250,[9],./images/2250.jpg
2251,[9],./images/2251.jpg
2252,[9],./images/2252.jpg
2253,[9],./images/2253.jpg
2254,[9],./images/2254.jpg
2255,[9],./images/2255.jpg
2256,[9],./images/2256.jpg
2257,[9],./images/2257.jpg
2258,[9],./images/2258.jpg
2259,[9],./images/2259.jpg
2260,[9],./images/2260.jpg
2261,[9],./images/2261.jpg
2262,[9],./images/2262.jpg
2263,[9],./images/2263.jpg
2264,[9],./images/2264.jpg
2265,[9],./images/2265.jpg
2266,[9],./images/2266.jpg
2267,[9],./images/2267.jpg
2268,[9],./images/2268.jpg
2269,[9],./images/2269.jpg
2270,[9],./images/2270.jpg
2271,[9],./images/2271.jpg
2272,[9],./images/2272.jpg
2273,[9],./images/2273.jpg
2274,[9],./images/2274.jpg
2275,[9],./images/2275.jpg
2276,[9],./images/2276.jpg
2277,[9],./images/2277.jpg
2278,[9],./images/2278.jpg
2279,[9],./images/2279.jpg
2280,[9],./images/2280.jpg
2281,[9],./images/2281.jpg
2282,[9],./images/2282.jpg
2283,[9],./images/2283.jpg
2284,[9],./images/2284.jpg
2285,[9],./images/2285.jpg
2286,[9],./images/2286.jpg
2287,[9],./images/2287.jpg
2288,[9],./images/2288.jpg
2289,[9],./images/2289.jpg
2290,[9],./images/2290.jpg
2291,[9],./images/2291.jpg
2292,[9],./images/2292.jpg
2293,[9],./images/2293.jpg
2294,[9],./images/2294.jpg
2295,[9],./images/2295.jpg
2296,[9],./images/2296.jpg
2297,[9],./images/2297.jpg
2298,[9],./images/2298.jpg
2299,[9],./images/2299.jpg
2300,[9],./images/2300.jpg
2301,[9],./images/2301.jpg
2302,[9],./images/2302.jpg
2303,[9],./images/2303.jpg
2304,[9],./images/2304.jpg
2305,[9],./images/2305.jpg
2306,[9],./images/2306.jpg
2307,[9],./images/2307.jpg
2308,[9],./images/2308.jpg
2309,[9],./images/2309.jpg
2310,[9],./images/2310.jpg
2311,[9],./images/2311.jpg
2312,[9],./images/2312.jpg
2313,[9],./images/2313.jpg
2314,[9],./images/2314.jpg
2315,[9],./images/2315.jpg
2316,[9],./images/2316.jpg
2317,[9],./images/2317.jpg
2318,[9],./images/2318.jpg
2319,[9],./images/2319.jpg
2320,[9],./images/2320.jpg
2321,[9],./images/2321.jpg
2322,[9],./images/2322.jpg
2323,[9],./images/2323.jpg
2324,[9],./images/2324.jpg
2325,[9],./images/2325.jpg
2326,[9],./images/2326.jpg
2327,[9],./images/2327.jpg
2328,[9],./images/2328.jpg
2329,[9],./images/2329.jpg
2330,[10],./images/2330.jpg
2331,[10],./images/2331.jpg
2332,[10],./images/2332.jpg
2333,[10],./images/2333.jpg
2334,[10],./images/2334.jpg
2335,[10],./images/2335.jpg
2336,[10],./images/2336.jpg
2337,[10],./images/2337.jpg
2338,[10],./images/2338.jpg
2339,[10],./images/2339.jpg
2340,[10],./images/2340.jpg
2341,[10],./images/2341.jpg
2342,[10],./images/2342.jpg
2343,[10],./images/2343.jpg
2344,[10],./images/2344.jpg
2345,[10],./images/2345.jpg
2346,[10],./images/2346.jpg
2347,[10],./images/2347.jpg
2348,[10],./images/2348.jpg
2349,[10],./images/2349.jpg
2350,[10],./images/2350.jpg
2351,[10],./images/2351.jpg
2352,[10],./images/2352.jpg
2353,[10],./images/2353.jpg
2354,[10],./images/2354.jpg
2355,[10],./images/2355.jpg
2356,[10],./images/2356.jpg
2357,[10],./images/2357.jpg
2358,[10],./images/2358.jpg
2359,[10],./images/2359.jpg
2360,[10],./images/2360.jpg
2361,[10],./images/2361.jpg
2362,[10],./images/2362.jpg
2363,[10],./images/2363.jpg
2364,[10],./images/2364.jpg
2365,[10],./images/2365.jpg
2366,[10],./images/2366.jpg
2367,[10],./images/2367.jpg
2368,[10],./images/2368.jpg
2369,[10],./images/2369.jpg
2370,[10],./images/2370.jpg
2371,[10],./images/2371.jpg
2372,[10],./images/2372.jpg
2373,[10],./images/2373.jpg
2374,[10],./images/2374.jpg
2375,[10],./images/2375.jpg
2376,[10],./images/2376.jpg
2377,[10],./images/2377.jpg
2378,[10],./images/2378.jpg
2379,[10],./images/2379.jpg
2380,[10],./images/2380.jpg
2381,[10],./images/2381.jpg
2382,[10],./images/2382.jpg
2383,[10],./images/2383.jpg
2384,[10],./images/2384.jpg
2385,[10],./images/2385.jpg
2386,[10],./images/2386.jpg
2387,[10],./images/2387.jpg
2388,[10],./images/2388.jpg
2389,[10],./images/2389.jpg
2390,[10],./images/2390.jpg
2391,[10],./images/2391.jpg
2392,[10],./images/2392.jpg
2393,[10],./images/2393.jpg
2394,[10],./images/2394.jpg
2395,[10],./images/2395.jpg
2396,[10],./images/2396.jpg
2397,[10],./images/2397.jpg
2398,[10],./images/2398.jpg
2399,[10],./images/2399.jpg
2400,[10],./images/2400.jpg
2401,[10],./images/2401.jpg
2402,[10],./images/2402.jpg
2403,[10],./images/2403.jpg
2404,[10],./images/2404.jpg
2405,[10],./images/2405.jpg
2406,[10],./images/2406.jpg
2407,[10],./images/2407.jpg
2408,[10],./images/2408.jpg
2409,[10],./images/2409.jpg
2410,[10],./images/2410.jpg
2411,[10],./images/2411.jpg
2412,[10],./images/2412.jpg
2413,[10],./images/2413.jpg
2414,[10],./images/2414.jpg
2415,[10],./images/2415.jpg
2416,[10],./images/2416.jpg
2417,[10],./images/2417.jpg
2418,[10],./images/2418.jpg
2419,[10],./images/2419.jpg
2420,[10],./images/2420.jpg
2421,[10],./images/2421.jpg
2422,[10],./images/2422.jpg
2423,[10],./images/2423.jpg
2424,[10],./images/2424.jpg
2425,[10],./images/2425.jpg
2426,[10],./images/2426.jpg
2427,[10],./images/2427.jpg
2428,[10],./images/2428.jpg
2429,[10],./images/2429.jpg
2430,[11],./images/2430.jpg
2431,[11],./images/2431.jpg
2432,[11],./images/2432.jpg
2433,[11],./images/2433.jpg
2434,[11],./images/2434.jpg
2435,[11],./images/2435.jpg
2436,[11],./images/2436.jpg
2437,[11],./images/2437.jpg
2438,[11],./images/2438.jpg
2439,[11],./images/2439.jpg
2440,[11],./images/2440.jpg
2441,[11],./images/2441.jpg
2442,[11],./images/2442.jpg
2443,[11],./images/2443.jpg
2444,[11],./images/2444.jpg
2445,[11],./images/2445.jpg
2446,[11],./images/2446.jpg
2447,[11],./images/2447.jpg
2448,[11],./images/2448.jpg
2449,[11],./images/2449.jpg
2450,[11],./images/2450.jpg
2451,[11],./images/2451.jpg
2452,[11],./images/2452.jpg
2453,[11],./images/2453.jpg
2454,[11],./images/2454.jpg
2455,[11],./images/2455.jpg
2456,[11],./images/2456.jpg
2457,[11],./images/2457.jpg
2458,[11],./images/2458.jpg
2459,[11],./images/2459.jpg
2460,[11],./images/2460.jpg
2461,[11],./images/2461.jpg
2462,[11],./images/2462.jpg
2463,[11],./images/2463.jpg
2464,[11],./images/2464.jpg
2465,[11],./images/2465.jpg
2466,[11],./images/2466.jpg
2467,[11],./images/2467.jpg
2468,[11],./images/2468.jpg
2469,[11],./images/2469.jpg
2470,[11],./images/2470.jpg
2471,[11],./images/2471.jpg
2472,[11],./images/2472.jpg
2473,[11],./images/2473.jpg
2474,[11],./images/2474.jpg
2475,[11],./images/2475.jpg
2476,[11],./images/2476.jpg
2477,[11],./images/2477.jpg
2478,[11],./images/2478.jpg
2479,[11],./images/2479.jpg
2480,[11],./images/2480.jpg
2481,[11],./images/2481.jpg
2482,[11],./images/2482.jpg
2483,[11],./images/2483.jpg
2484,[11],./images/2484.jpg
2485,[11],./images/2485.jpg
2486,[11],./images/2486.jpg
2487,[11],./images/2487.jpg
2488,[11],./images/2488.jpg
2489,[11],./images/2489.jpg
2490,[11],./images/2490.jpg
2491,[11],./images/2491.jpg
2492,[11],./images/2492.jpg
2493,[11],./images/2493.jpg
2494,[11],./images/2494.jpg
2495,[11],./images/2495.jpg
2496,[11],./images/2496.jpg
2497,[11],./images/2497.jpg
2498,[11],./images/2498.jpg
2499,[11],./images/2499.jpg
2500,[11],./images/2500.jpg
2501,[11],./images/2501.jpg
2502,[11],./images/2502.jpg
2503,[11],./images/2503.jpg
2504,[11],./images/2504.jpg
2505,[11],./images/2505.jpg
2506,[11],./images/2506.jpg
2507,[11],./images/2507.jpg
2508,[11],./images/2508.jpg
2509,[11],./images/2509.jpg
2510,[11],./images/2510.jpg
2511,[11],./images/2511.jpg
2512,[11],./images/2512.jpg
2513,[11],./images/2513.jpg
2514,[11],./images/2514.jpg
2515,[11],./images/2515.jpg
2516,[11],./images/2516.jpg
2517,[11],./images/2517.jpg
2518,[11],./images/2518.jpg
2519,[11],./images/2519.jpg
2520,[11],./images/2520.jpg
2521,[11],./images/2521.jpg
2522,[11],./images/2522.jpg
2523,[11],./images/2523.jpg
2524,[11],./images/2524.jpg
2525,[11],./images/2525.jpg
2526,[11],./images/2526.jpg
2527,[11],./images/2527.jpg
2528,[11],./images/2528.jpg
2529,[11],./images/2529.jpg
2530,"[1, 3, 4]",./images/2530.jpg
2531,"[1, 3, 4]",./images/2531.jpg
2532,"[1, 3, 4]",./images/2532.jpg
2533,"[1, 4]",./images/2533.jpg
2534,"[1, 3, 4]",./images/2534.jpg
2535,"[1, 3, 4]",./images/2535.jpg
2536,"[1, 3, 4]",./images/2536.jpg
2537,"[1, 3, 4]",./images/2537.jpg
2538,"[1, 3, 4]",./images/2538.jpg
2539,"[1, 3, 4]",./images/2539.jpg
2540,"[1, 3, 4]",./images/2540.jpg
2541,"[1, 3, 4]",./images/2541.jpg
2542,"[1, 3, 4]",./images/2542.jpg
2543,"[1, 4]",./images/2543.jpg
2544,"[1, 3, 4]",./images/2544.jpg
2545,"[1, 3, 4]",./images/2545.jpg
2546,"[1, 3, 4]",./images/2546.jpg
2547,"[1, 3, 4]",./images/2547.jpg
2548,"[1, 4]",./images/2548.jpg
2549,"[1, 3, 4]",./images/2549.jpg
2550,"[1, 3, 4]",./images/2550.jpg
2551,"[1, 3, 4]",./images/2551.jpg
2552,"[1, 3, 4]",./images/2552.jpg
2553,"[1, 3, 4]",./images/2553.jpg
2554,"[1, 3, 4]",./images/2554.jpg
2555,"[1, 3, 4]",./images/2555.jpg
2556,"[1, 4]",./images/2556.jpg
2557,"[1, 3, 4]",./images/2557.jpg
2558,"[1, 3, 4]",./images/2558.jpg
2559,"[1, 3, 4]",./images/2559.jpg
2560,"[1, 3, 4]",./images/2560.jpg
2561,"[1, 3, 4]",./images/2561.jpg
2562,"[1, 4]",./images/2562.jpg
2563,"[1, 3, 4]",./images/2563.jpg
2564,"[1, 3, 4]",./images/2564.jpg
2565,"[1, 4]",./images/2565.jpg
2566,"[1, 3, 4]",./images/2566.jpg
2567,"[1, 3, 4]",./images/2567.jpg
2568,"[1, 3, 4]",./images/2568.jpg
2569,"[1, 4]",./images/2569.jpg
2570,"[1, 4]",./images/2570.jpg
2571,"[1, 4, 5]",./images/2571.jpg
2572,"[1, 3, 4]",./images/2572.jpg
2573,"[1, 3, 4]",./images/2573.jpg
2574,"[1, 3, 4]",./images/2574.jpg
2575,"[1, 3, 4]",./images/2575.jpg
2576,"[1, 3, 4]",./images/2576.jpg
2577,"[1, 4]",./images/2577.jpg
2578,"[1, 3, 4]",./images/2578.jpg
2579,"[1, 4]",./images/2579.jpg
2580,"[1, 3]",./images/2580.jpg
2581,"[1, 3]",./images/2581.jpg
2582,"[1, 3]",./images/2582.jpg
2583,"[1, 3]",./images/2583.jpg
2584,"[1, 3, 4]",./images/2584.jpg
2585,"[1, 3]",./images/2585.jpg
2586,"[1, 3, 4]",./images/2586.jpg
2587,"[1, 3]",./images/2587.jpg
2588,"[1, 3]",./images/2588.jpg
2589,"[1, 3]",./images/2589.jpg
2590,"[1, 4]",./images/2590.jpg
2591,"[1, 4]",./images/2591.jpg
2592,"[1, 4]",./images/2592.jpg
2593,"[1, 4]",./images/2593.jpg
2594,"[1, 4]",./images/2594.jpg
2595,"[1, 4]",./images/2595.jpg
2596,"[1, 4]",./images/2596.jpg
2597,"[1, 4]",./images/2597.jpg
2598,"[1, 4]",./images/2598.jpg
2599,"[1, 3]",./images/2599.jpg
2600,"[1, 3]",./images/2600.jpg
2601,"[1, 3, 4]",./images/2601.jpg
2602,"[1, 3, 4]",./images/2602.jpg
2603,"[1, 3, 4]",./images/2603.jpg
2604,"[1, 3]",./images/2604.jpg
2605,"[1, 3]",./images/2605.jpg
2606,"[1, 3, 4]",./images/2606.jpg
2607,"[1, 3, 4]",./images/2607.jpg
2608,"[1, 3]",./images/2608.jpg
2609,"[1, 4]",./images/2609.jpg
2610,"[1, 3, 4]",./images/2610.jpg
2611,"[1, 4]",./images/2611.jpg
2612,"[1, 4]",./images/2612.jpg
2613,"[1, 4]",./images/2613.jpg
2614,"[1, 4]",./images/2614.jpg
2615,"[1, 4]",./images/2615.jpg
2616,"[1, 4]",./images/2616.jpg
2617,"[1, 4]",./images/2617.jpg
2618,"[1, 4]",./images/2618.jpg
2619,"[1, 4]",./images/2619.jpg
2620,"[1, 4]",./images/2620.jpg
2621,"[1, 4]",./images/2621.jpg
2622,"[1, 3, 4]",./images/2622.jpg
2623,"[1, 4]",./images/2623.jpg
2624,"[1, 4]",./images/2624.jpg
2625,"[1, 3]",./images/2625.jpg
2626,"[1, 3]",./images/2626.jpg
2627,"[1, 3]",./images/2627.jpg
2628,"[1, 3]",./images/2628.jpg
2629,"[1, 3]",./images/2629.jpg
2630,"[1, 3]",./images/2630.jpg
2631,"[1, 3]",./images/2631.jpg
2632,"[1, 3]",./images/2632.jpg
2633,"[1, 3]",./images/2633.jpg
2634,"[1, 3]",./images/2634.jpg
2635,"[1, 3]",./images/2635.jpg
2636,"[1, 3]",./images/2636.jpg
2637,"[1, 3]",./images/2637.jpg
2638,"[1, 3]",./images/2638.jpg
2639,"[1, 3]",./images/2639.jpg
2640,"[1, 3]",./images/2640.jpg
2641,"[1, 3]",./images/2641.jpg
2642,"[1, 3]",./images/2642.jpg
2643,"[1, 3]",./images/2643.jpg
2644,"[1, 3]",./images/2644.jpg
2645,"[1, 3]",./images/2645.jpg
2646,"[1, 3]",./images/2646.jpg
2647,"[1, 3]",./images/2647.jpg
2648,"[1, 3]",./images/2648.jpg
2649,"[1, 3]",./images/2649.jpg
2650,"[1, 3]",./images/2650.jpg
2651,"[1, 3]",./images/2651.jpg
2652,"[1, 3]",./images/2652.jpg
2653,"[1, 3]",./images/2653.jpg
2654,"[1, 3]",./images/2654.jpg
2655,"[1, 3]",./images/2655.jpg
2656,"[1, 3]",./images/2656.jpg
2657,"[1, 3]",./images/2657.jpg
2658,"[1, 3]",./images/2658.jpg
2659,"[1, 3]",./images/2659.jpg
2660,"[1, 3]",./images/2660.jpg
2661,"[1, 3]",./images/2661.jpg
2662,"[1, 3]",./images/2662.jpg
2663,"[1, 3]",./images/2663.jpg
2664,"[1, 3]",./images/2664.jpg
2665,"[1, 3]",./images/2665.jpg
2666,"[1, 3]",./images/2666.jpg
2667,"[1, 3]",./images/2667.jpg
2668,"[1, 3]",./images/2668.jpg
2669,"[1, 3]",./images/2669.jpg
2670,"[1, 3]",./images/2670.jpg
2671,"[1, 3]",./images/2671.jpg
2672,"[1, 3]",./images/2672.jpg
2673,"[1, 3]",./images/2673.jpg
2674,"[1, 3]",./images/2674.jpg
2675,"[1, 3]",./images/2675.jpg
2676,"[1, 3]",./images/2676.jpg
2677,"[1, 3]",./images/2677.jpg
2678,"[1, 3]",./images/2678.jpg
2679,"[1, 3]",./images/2679.jpg
2680,"[1, 3]",./images/2680.jpg
2681,"[1, 3]",./images/2681.jpg
2682,"[1, 3]",./images/2682.jpg
2683,"[1, 3]",./images/2683.jpg
2684,"[1, 3]",./images/2684.jpg
2685,"[1, 3]",./images/2685.jpg
2686,"[1, 3]",./images/2686.jpg
2687,"[1, 3]",./images/2687.jpg
2688,"[1, 3]",./images/2688.jpg
2689,"[1, 3]",./images/2689.jpg
2690,"[1, 3]",./images/2690.jpg
2691,"[1, 3]",./images/2691.jpg
2692,"[1, 3]",./images/2692.jpg
2693,"[1, 3]",./images/2693.jpg
2694,"[1, 3]",./images/2694.jpg
2695,"[1, 3]",./images/2695.jpg
2696,"[1, 3]",./images/2696.jpg
2697,"[1, 3]",./images/2697.jpg
2698,"[1, 3]",./images/2698.jpg
2699,"[1, 3]",./images/2699.jpg
2700,"[1, 3]",./images/2700.jpg
2701,"[1, 3]",./images/2701.jpg
2702,"[1, 3]",./images/2702.jpg
2703,"[1, 3]",./images/2703.jpg
2704,"[1, 3]",./images/2704.jpg
2705,"[1, 3]",./images/2705.jpg
2706,"[1, 3]",./images/2706.jpg
2707,"[1, 3]",./images/2707.jpg
2708,"[1, 3]",./images/2708.jpg
2709,"[1, 3]",./images/2709.jpg
2710,"[1, 3]",./images/2710.jpg
2711,"[1, 3]",./images/2711.jpg
2712,"[1, 3]",./images/2712.jpg
2713,"[1, 3]",./images/2713.jpg
2714,"[1, 4]",./images/2714.jpg
2715,"[1, 4]",./images/2715.jpg
2716,"[1, 4]",./images/2716.jpg
2717,"[1, 4]",./images/2717.jpg
2718,"[1, 4]",./images/2718.jpg
2719,"[1, 4]",./images/2719.jpg
2720,"[1, 4]",./images/2720.jpg
2721,"[1, 4]",./images/2721.jpg
2722,"[1, 4]",./images/2722.jpg
2723,"[1, 4]",./images/2723.jpg
2724,"[1, 4]",./images/2724.jpg
2725,"[1, 4]",./images/2725.jpg
2726,"[1, 4]",./images/2726.jpg
2727,"[1, 4]",./images/2727.jpg
2728,"[1, 4]",./images/2728.jpg
2729,"[1, 4]",./images/2729.jpg
2730,"[1, 4]",./images/2730.jpg
2731,"[1, 4]",./images/2731.jpg
2732,"[1, 4]",./images/2732.jpg
2733,"[1, 4]",./images/2733.jpg
2734,"[1, 4]",./images/2734.jpg
2735,"[1, 4]",./images/2735.jpg
2736,"[1, 4]",./images/2736.jpg
2737,"[1, 4]",./images/2737.jpg
2738,"[1, 4]",./images/2738.jpg
2739,"[1, 4]",./images/2739.jpg
2740,"[1, 4]",./images/2740.jpg
2741,"[1, 4]",./images/2741.jpg
2742,"[1, 4]",./images/2742.jpg
2743,"[1, 4]",./images/2743.jpg
2744,"[1, 4]",./images/2744.jpg
2745,"[1, 4]",./images/2745.jpg
2746,"[1, 4]",./images/2746.jpg
2747,"[1, 4]",./images/2747.jpg
2748,"[1, 4]",./images/2748.jpg
2749,"[1, 4]",./images/2749.jpg
2750,"[1, 4]",./images/2750.jpg
2751,"[1, 4]",./images/2751.jpg
2752,"[1, 4]",./images/2752.jpg
2753,"[1, 4]",./images/2753.jpg
2754,"[1, 4]",./images/2754.jpg
2755,"[1, 4]",./images/2755.jpg
2756,"[1, 4]",./images/2756.jpg
2757,"[1, 4]",./images/2757.jpg
2758,"[1, 4]",./images/2758.jpg
2759,"[1, 4]",./images/2759.jpg
2760,"[1, 4]",./images/2760.jpg
2761,"[1, 4]",./images/2761.jpg
2762,"[1, 4]",./images/2762.jpg
2763,"[1, 4]",./images/2763.jpg
2764,"[1, 4]",./images/2764.jpg
2765,"[1, 4]",./images/2765.jpg
2766,"[1, 4]",./images/2766.jpg
2767,"[1, 4]",./images/2767.jpg
2768,"[1, 4]",./images/2768.jpg
2769,"[1, 4]",./images/2769.jpg
2770,"[1, 4]",./images/2770.jpg
2771,"[1, 4]",./images/2771.jpg
2772,"[1, 4]",./images/2772.jpg
2773,"[1, 4]",./images/2773.jpg
2774,"[1, 4]",./images/2774.jpg
2775,"[1, 4]",./images/2775.jpg
2776,"[1, 4]",./images/2776.jpg
2777,"[1, 4]",./images/2777.jpg
2778,"[1, 4]",./images/2778.jpg
2779,"[1, 4]",./images/2779.jpg
2780,"[1, 4]",./images/2780.jpg
2781,"[1, 4]",./images/2781.jpg
2782,"[1, 4]",./images/2782.jpg
2783,"[1, 4]",./images/2783.jpg
2784,"[1, 4]",./images/2784.jpg
2785,"[1, 4]",./images/2785.jpg
2786,"[1, 4]",./images/2786.jpg
2787,"[1, 4]",./images/2787.jpg
2788,"[1, 4]",./images/2788.jpg
2789,"[1, 4]",./images/2789.jpg
2790,"[1, 4]",./images/2790.jpg
2791,"[1, 4]",./images/2791.jpg
2792,"[1, 4]",./images/2792.jpg
2793,"[3, 4, 5]",./images/2793.jpg
2794,"[3, 5]",./images/2794.jpg
2795,"[3, 4, 5]",./images/2795.jpg
2796,"[3, 4, 5]",./images/2796.jpg
2797,"[3, 4, 5]",./images/2797.jpg
2798,"[3, 5]",./images/2798.jpg
2799,"[4, 5]",./images/2799.jpg
2800,"[3, 4, 5]",./images/2800.jpg
2801,"[3, 4, 5]",./images/2801.jpg
2802,"[3, 4, 5]",./images/2802.jpg
2803,"[3, 4, 5]",./images/2803.jpg
2804,"[3, 4, 5]",./images/2804.jpg
2805,"[3, 4, 5]",./images/2805.jpg
2806,"[3, 4, 5]",./images/2806.jpg
2807,"[3, 4, 5]",./images/2807.jpg
2808,"[3, 4, 5]",./images/2808.jpg
2809,"[3, 5]",./images/2809.jpg
2810,"[3, 5]",./images/2810.jpg
2811,"[4, 5]",./images/2811.jpg
2812,"[3, 4, 5]",./images/2812.jpg
2813,"[4, 5]",./images/2813.jpg
2814,"[3, 5]",./images/2814.jpg
2815,"[3, 4, 5]",./images/2815.jpg
2816,"[3, 4, 5]",./images/2816.jpg
2817,"[3, 4, 5]",./images/2817.jpg
2818,"[3, 4, 5]",./images/2818.jpg
2819,"[3, 4, 5]",./images/2819.jpg
2820,"[3, 4, 5]",./images/2820.jpg
2821,"[3, 4, 5]",./images/2821.jpg
2822,"[3, 4, 5]",./images/2822.jpg
2823,"[3, 4, 5]",./images/2823.jpg
2824,"[3, 4, 5]",./images/2824.jpg
2825,"[3, 4, 5]",./images/2825.jpg
2826,"[3, 4, 5]",./images/2826.jpg
2827,"[3, 5]",./images/2827.jpg
2828,"[3, 5]",./images/2828.jpg
2829,"[4, 5]",./images/2829.jpg
2830,"[3, 5]",./images/2830.jpg
2831,"[3, 5]",./images/2831.jpg
2832,"[3, 4, 5]",./images/2832.jpg
2833,"[3, 4, 5]",./images/2833.jpg
2834,"[3, 4, 5]",./images/2834.jpg
2835,"[3, 5]",./images/2835.jpg
2836,"[3, 4, 5]",./images/2836.jpg
2837,"[3, 4, 5]",./images/2837.jpg
2838,"[3, 4, 5]",./images/2838.jpg
2839,"[4, 5]",./images/2839.jpg
2840,"[3, 5]",./images/2840.jpg
2841,"[3, 5]",./images/2841.jpg
2842,"[3, 5]",./images/2842.jpg
2843,"[3, 5]",./images/2843.jpg
2844,"[3, 5]",./images/2844.jpg
2845,"[3, 5]",./images/2845.jpg
2846,"[3, 5]",./images/2846.jpg
2847,"[3, 5]",./images/2847.jpg
2848,"[3, 5]",./images/2848.jpg
2849,"[3, 5]",./images/2849.jpg
2850,"[3, 5]",./images/2850.jpg
2851,"[4, 5]",./images/2851.jpg
2852,"[3, 4, 5]",./images/2852.jpg
2853,"[3, 4, 5]",./images/2853.jpg
2854,"[3, 4, 5]",./images/2854.jpg
2855,"[3, 4, 5]",./images/2855.jpg
2856,"[3, 4, 5]",./images/2856.jpg
2857,"[3, 4, 5]",./images/2857.jpg
2858,"[3, 5]",./images/2858.jpg
2859,"[3, 4, 5]",./images/2859.jpg
2860,"[3, 5]",./images/2860.jpg
2861,"[3, 5]",./images/2861.jpg
2862,"[3, 5]",./images/2862.jpg
